Type,Die/Symbol,Move Name,Power,STAB,Effect 1,Effect 2,Effect 3,STAB?,Move,File Name,Move:color,Japanese,Move - Japanese,French,Move - French,German,Move - German,Italian,Move - Italian,Spanish,Move - Spanish,Korean,Move - Korean,Chinese,Move - Chinese
{Flying},{Max},Airstream,2*,2*,,,,#VALUE!,{Max}{Flying}Airstream{2*},Max Airstream 2,cccccc,ダイジェット,{Max}{Flying}ダイジェット{2*},Aéromax,{Max}{Flying}Aéromax{2*},Dyna-Düse,{Max}{Flying}Dyna-Düse{2*},Dynajet,{Max}{Flying}Dynajet{2*},Maxiciclón,{Max}{Flying}Maxiciclón{2*},다이제트,{Max}{Flying}다이제트{2*},極巨飛衝 / 极巨飞冲,{Max}{Flying}極巨飛衝 / 极巨飞冲{2*}
{Flying},{Max},Airstream,3*,3*,,,,#VALUE!,{Max}{Flying}Airstream{3*},Max Airstream 3,cccccc,ダイジェット,{Max}{Flying}ダイジェット{3*},Aéromax,{Max}{Flying}Aéromax{3*},Dyna-Düse,{Max}{Flying}Dyna-Düse{3*},Dynajet,{Max}{Flying}Dynajet{3*},Maxiciclón,{Max}{Flying}Maxiciclón{3*},다이제트,{Max}{Flying}다이제트{3*},極巨飛衝 / 极巨飞冲,{Max}{Flying}極巨飛衝 / 极巨飞冲{3*}
{Flying},{Max},Airstream,4*,4*,,,,#VALUE!,{Max}{Flying}Airstream{4*},Max Airstream 4,cccccc,ダイジェット,{Max}{Flying}ダイジェット{4*},Aéromax,{Max}{Flying}Aéromax{4*},Dyna-Düse,{Max}{Flying}Dyna-Düse{4*},Dynajet,{Max}{Flying}Dynajet{4*},Maxiciclón,{Max}{Flying}Maxiciclón{4*},다이제트,{Max}{Flying}다이제트{4*},極巨飛衝 / 极巨飞冲,{Max}{Flying}極巨飛衝 / 极巨飞冲{4*}
{Flying},{Max},Airstream,5*,5*,,,,#VALUE!,{Max}{Flying}Airstream{5*},Max Airstream 5,cccccc,ダイジェット,{Max}{Flying}ダイジェット{5*},Aéromax,{Max}{Flying}Aéromax{5*},Dyna-Düse,{Max}{Flying}Dyna-Düse{5*},Dynajet,{Max}{Flying}Dynajet{5*},Maxiciclón,{Max}{Flying}Maxiciclón{5*},다이제트,{Max}{Flying}다이제트{5*},極巨飛衝 / 极巨飞冲,{Max}{Flying}極巨飛衝 / 极巨飞冲{5*}
{Flying},{Max},Airstream,6*,6*,,,,#VALUE!,{Max}{Flying}Airstream{6*},Max Airstream 6,cccccc,ダイジェット,{Max}{Flying}ダイジェット{6*},Aéromax,{Max}{Flying}Aéromax{6*},Dyna-Düse,{Max}{Flying}Dyna-Düse{6*},Dynajet,{Max}{Flying}Dynajet{6*},Maxiciclón,{Max}{Flying}Maxiciclón{6*},다이제트,{Max}{Flying}다이제트{6*},極巨飛衝 / 极巨飞冲,{Max}{Flying}極巨飛衝 / 极巨飞冲{6*}
{Dark},{Max},Darkness,2*,2*,,,,#VALUE!,{Max}{Dark}Darkness{2*},Max Darkness 2,607c91,ダイアーク,{Max}{Dark}ダイアーク{2*},Sinistromax,{Max}{Dark}Sinistromax{2*},Dyna-Dunkel,{Max}{Dark}Dyna-Dunkel{2*},Dynatenebre,{Max}{Dark}Dynatenebre{2*},Maxisombra,{Max}{Dark}Maxisombra{2*},다이아크,{Max}{Dark}다이아크{2*},極巨惡霸 / 极巨恶霸,{Max}{Dark}極巨惡霸 / 极巨恶霸{2*}
{Dark},{Max},Darkness,3*,3*,,,,#VALUE!,{Max}{Dark}Darkness{3*},Max Darkness 3,607c91,ダイアーク,{Max}{Dark}ダイアーク{3*},Sinistromax,{Max}{Dark}Sinistromax{3*},Dyna-Dunkel,{Max}{Dark}Dyna-Dunkel{3*},Dynatenebre,{Max}{Dark}Dynatenebre{3*},Maxisombra,{Max}{Dark}Maxisombra{3*},다이아크,{Max}{Dark}다이아크{3*},極巨惡霸 / 极巨恶霸,{Max}{Dark}極巨惡霸 / 极巨恶霸{3*}
{Dark},{Max},Darkness,4*,4*,,,,#VALUE!,{Max}{Dark}Darkness{4*},Max Darkness 4,607c91,ダイアーク,{Max}{Dark}ダイアーク{4*},Sinistromax,{Max}{Dark}Sinistromax{4*},Dyna-Dunkel,{Max}{Dark}Dyna-Dunkel{4*},Dynatenebre,{Max}{Dark}Dynatenebre{4*},Maxisombra,{Max}{Dark}Maxisombra{4*},다이아크,{Max}{Dark}다이아크{4*},極巨惡霸 / 极巨恶霸,{Max}{Dark}極巨惡霸 / 极巨恶霸{4*}
{Dark},{Max},Darkness,5*,5*,,,,#VALUE!,{Max}{Dark}Darkness{5*},Max Darkness 5,607c91,ダイアーク,{Max}{Dark}ダイアーク{5*},Sinistromax,{Max}{Dark}Sinistromax{5*},Dyna-Dunkel,{Max}{Dark}Dyna-Dunkel{5*},Dynatenebre,{Max}{Dark}Dynatenebre{5*},Maxisombra,{Max}{Dark}Maxisombra{5*},다이아크,{Max}{Dark}다이아크{5*},極巨惡霸 / 极巨恶霸,{Max}{Dark}極巨惡霸 / 极巨恶霸{5*}
{Dark},{Max},Darkness,6*,6*,,,,#VALUE!,{Max}{Dark}Darkness{6*},Max Darkness 6,607c91,ダイアーク,{Max}{Dark}ダイアーク{6*},Sinistromax,{Max}{Dark}Sinistromax{6*},Dyna-Dunkel,{Max}{Dark}Dyna-Dunkel{6*},Dynatenebre,{Max}{Dark}Dynatenebre{6*},Maxisombra,{Max}{Dark}Maxisombra{6*},다이아크,{Max}{Dark}다이아크{6*},極巨惡霸 / 极巨恶霸,{Max}{Dark}極巨惡霸 / 极巨恶霸{6*}
{Fire},{Max},Flare,2*,2*,,,,#VALUE!,{Max}{Fire}Flare{2*},Max Flare 2,ff6464,ダイバーン,{Max}{Fire}ダイバーン{2*},Pyromax,{Max}{Fire}Pyromax{2*},Dyna-Brand,{Max}{Fire}Dyna-Brand{2*},Dynafiammata,{Max}{Fire}Dynafiammata{2*},Maxignición,{Max}{Fire}Maxignición{2*},다이번,{Max}{Fire}다이번{2*},極巨火爆 / 极巨火爆,{Max}{Fire}極巨火爆 / 极巨火爆{2*}
{Fire},{Max},Flare,3*,3*,,,,#VALUE!,{Max}{Fire}Flare{3*},Max Flare 3,ff6464,ダイバーン,{Max}{Fire}ダイバーン{3*},Pyromax,{Max}{Fire}Pyromax{3*},Dyna-Brand,{Max}{Fire}Dyna-Brand{3*},Dynafiammata,{Max}{Fire}Dynafiammata{3*},Maxignición,{Max}{Fire}Maxignición{3*},다이번,{Max}{Fire}다이번{3*},極巨火爆 / 极巨火爆,{Max}{Fire}極巨火爆 / 极巨火爆{3*}
{Fire},{Max},Flare,4*,4*,,,,#VALUE!,{Max}{Fire}Flare{4*},Max Flare 4,ff6464,ダイバーン,{Max}{Fire}ダイバーン{4*},Pyromax,{Max}{Fire}Pyromax{4*},Dyna-Brand,{Max}{Fire}Dyna-Brand{4*},Dynafiammata,{Max}{Fire}Dynafiammata{4*},Maxignición,{Max}{Fire}Maxignición{4*},다이번,{Max}{Fire}다이번{4*},極巨火爆 / 极巨火爆,{Max}{Fire}極巨火爆 / 极巨火爆{4*}
{Fire},{Max},Flare,5*,5*,,,,#VALUE!,{Max}{Fire}Flare{5*},Max Flare 5,ff6464,ダイバーン,{Max}{Fire}ダイバーン{5*},Pyromax,{Max}{Fire}Pyromax{5*},Dyna-Brand,{Max}{Fire}Dyna-Brand{5*},Dynafiammata,{Max}{Fire}Dynafiammata{5*},Maxignición,{Max}{Fire}Maxignición{5*},다이번,{Max}{Fire}다이번{5*},極巨火爆 / 极巨火爆,{Max}{Fire}極巨火爆 / 极巨火爆{5*}
{Fire},{Max},Flare,6*,6*,,,,#VALUE!,{Max}{Fire}Flare{6*},Max Flare 6,ff6464,ダイバーン,{Max}{Fire}ダイバーン{6*},Pyromax,{Max}{Fire}Pyromax{6*},Dyna-Brand,{Max}{Fire}Dyna-Brand{6*},Dynafiammata,{Max}{Fire}Dynafiammata{6*},Maxignición,{Max}{Fire}Maxignición{6*},다이번,{Max}{Fire}다이번{6*},極巨火爆 / 极巨火爆,{Max}{Fire}極巨火爆 / 极巨火爆{6*}
{Bug},{Max},Flutterby,2*,2*,,,,#VALUE!,{Max}{Bug}Flutterby{2*},Max Flutterby 2,c1db70,ダイワーム,{Max}{Bug}ダイワーム{2*},Insectomax,{Max}{Bug}Insectomax{2*},Dyna-Schwarm,{Max}{Bug}Dyna-Schwarm{2*},Dynainsetto,{Max}{Bug}Dynainsetto{2*},Maxinsecto,{Max}{Bug}Maxinsecto{2*},다이웜,{Max}{Bug}다이웜{2*},極巨蟲蠱 / 极巨虫蛊,{Max}{Bug}極巨蟲蠱 / 极巨虫蛊{2*}
{Bug},{Max},Flutterby,3*,3*,,,,#VALUE!,{Max}{Bug}Flutterby{3*},Max Flutterby 3,c1db70,ダイワーム,{Max}{Bug}ダイワーム{3*},Insectomax,{Max}{Bug}Insectomax{3*},Dyna-Schwarm,{Max}{Bug}Dyna-Schwarm{3*},Dynainsetto,{Max}{Bug}Dynainsetto{3*},Maxinsecto,{Max}{Bug}Maxinsecto{3*},다이웜,{Max}{Bug}다이웜{3*},極巨蟲蠱 / 极巨虫蛊,{Max}{Bug}極巨蟲蠱 / 极巨虫蛊{3*}
{Bug},{Max},Flutterby,4*,4*,,,,#VALUE!,{Max}{Bug}Flutterby{4*},Max Flutterby 4,c1db70,ダイワーム,{Max}{Bug}ダイワーム{4*},Insectomax,{Max}{Bug}Insectomax{4*},Dyna-Schwarm,{Max}{Bug}Dyna-Schwarm{4*},Dynainsetto,{Max}{Bug}Dynainsetto{4*},Maxinsecto,{Max}{Bug}Maxinsecto{4*},다이웜,{Max}{Bug}다이웜{4*},極巨蟲蠱 / 极巨虫蛊,{Max}{Bug}極巨蟲蠱 / 极巨虫蛊{4*}
{Bug},{Max},Flutterby,5*,5*,,,,#VALUE!,{Max}{Bug}Flutterby{5*},Max Flutterby 5,c1db70,ダイワーム,{Max}{Bug}ダイワーム{5*},Insectomax,{Max}{Bug}Insectomax{5*},Dyna-Schwarm,{Max}{Bug}Dyna-Schwarm{5*},Dynainsetto,{Max}{Bug}Dynainsetto{5*},Maxinsecto,{Max}{Bug}Maxinsecto{5*},다이웜,{Max}{Bug}다이웜{5*},極巨蟲蠱 / 极巨虫蛊,{Max}{Bug}極巨蟲蠱 / 极巨虫蛊{5*}
{Bug},{Max},Flutterby,6*,6*,,,,#VALUE!,{Max}{Bug}Flutterby{6*},Max Flutterby 6,c1db70,ダイワーム,{Max}{Bug}ダイワーム{6*},Insectomax,{Max}{Bug}Insectomax{6*},Dyna-Schwarm,{Max}{Bug}Dyna-Schwarm{6*},Dynainsetto,{Max}{Bug}Dynainsetto{6*},Maxinsecto,{Max}{Bug}Maxinsecto{6*},다이웜,{Max}{Bug}다이웜{6*},極巨蟲蠱 / 极巨虫蛊,{Max}{Bug}極巨蟲蠱 / 极巨虫蛊{6*}
{Water},{Max},Geyser,2*,2*,,,,#VALUE!,{Max}{Water}Geyser{2*},Max Geyser 2,7ec5e2,ダイストリーム,{Max}{Water}ダイストリーム{2*},Hydromax,{Max}{Water}Hydromax{2*},Dyna-Flut,{Max}{Water}Dyna-Flut{2*},Dynaflusso,{Max}{Water}Dynaflusso{2*},Maxichorro,{Max}{Water}Maxichorro{2*},다이스트림,{Max}{Water}다이스트림{2*},極巨水流 / 极巨水流,{Max}{Water}極巨水流 / 极巨水流{2*}
{Water},{Max},Geyser,3*,3*,,,,#VALUE!,{Max}{Water}Geyser{3*},Max Geyser 3,7ec5e2,ダイストリーム,{Max}{Water}ダイストリーム{3*},Hydromax,{Max}{Water}Hydromax{3*},Dyna-Flut,{Max}{Water}Dyna-Flut{3*},Dynaflusso,{Max}{Water}Dynaflusso{3*},Maxichorro,{Max}{Water}Maxichorro{3*},다이스트림,{Max}{Water}다이스트림{3*},極巨水流 / 极巨水流,{Max}{Water}極巨水流 / 极巨水流{3*}
{Water},{Max},Geyser,4*,4*,,,,#VALUE!,{Max}{Water}Geyser{4*},Max Geyser 4,7ec5e2,ダイストリーム,{Max}{Water}ダイストリーム{4*},Hydromax,{Max}{Water}Hydromax{4*},Dyna-Flut,{Max}{Water}Dyna-Flut{4*},Dynaflusso,{Max}{Water}Dynaflusso{4*},Maxichorro,{Max}{Water}Maxichorro{4*},다이스트림,{Max}{Water}다이스트림{4*},極巨水流 / 极巨水流,{Max}{Water}極巨水流 / 极巨水流{4*}
{Water},{Max},Geyser,5*,5*,,,,#VALUE!,{Max}{Water}Geyser{5*},Max Geyser 5,7ec5e2,ダイストリーム,{Max}{Water}ダイストリーム{5*},Hydromax,{Max}{Water}Hydromax{5*},Dyna-Flut,{Max}{Water}Dyna-Flut{5*},Dynaflusso,{Max}{Water}Dynaflusso{5*},Maxichorro,{Max}{Water}Maxichorro{5*},다이스트림,{Max}{Water}다이스트림{5*},極巨水流 / 极巨水流,{Max}{Water}極巨水流 / 极巨水流{5*}
{Water},{Max},Geyser,6*,6*,,,,#VALUE!,{Max}{Water}Geyser{6*},Max Geyser 6,7ec5e2,ダイストリーム,{Max}{Water}ダイストリーム{6*},Hydromax,{Max}{Water}Hydromax{6*},Dyna-Flut,{Max}{Water}Dyna-Flut{6*},Dynaflusso,{Max}{Water}Dynaflusso{6*},Maxichorro,{Max}{Water}Maxichorro{6*},다이스트림,{Max}{Water}다이스트림{6*},極巨水流 / 极巨水流,{Max}{Water}極巨水流 / 极巨水流{6*}
{Normal},{Max},Guard,0*,0*,,,,#VALUE!,{Max}{Normal}Guard{0*},Max Guard,efefef,ダイウォール,{Max}{Normal}ダイウォール{0*},Gardomax,{Max}{Normal}Gardomax{0*},Dyna-Wall,{Max}{Normal}Dyna-Wall{0*},Dynabarriera,{Max}{Normal}Dynabarriera{0*},Maxibarrera,{Max}{Normal}Maxibarrera{0*},다이월 ,{Max}{Normal}다이월 {0*},極巨防壁 / 极巨防壁,{Max}{Normal}極巨防壁 / 极巨防壁{0*}
{Ice},{Max},Hailstorm,2*,2*,,,,#VALUE!,{Max}{Ice}Hailstorm{2*},Max Hailstorm 2,aff1ff,ダイアイス,{Max}{Ice}ダイアイス{2*},Cryomax,{Max}{Ice}Cryomax{2*},Dyna-Frost,{Max}{Ice}Dyna-Frost{2*},Dynagelo,{Max}{Ice}Dynagelo{2*},Maxihelada,{Max}{Ice}Maxihelada{2*},다이아이스,{Max}{Ice}다이아이스{2*},極巨寒冰 / 极巨寒冰,{Max}{Ice}極巨寒冰 / 极巨寒冰{2*}
{Ice},{Max},Hailstorm,3*,3*,,,,#VALUE!,{Max}{Ice}Hailstorm{3*},Max Hailstorm 3,aff1ff,ダイアイス,{Max}{Ice}ダイアイス{3*},Cryomax,{Max}{Ice}Cryomax{3*},Dyna-Frost,{Max}{Ice}Dyna-Frost{3*},Dynagelo,{Max}{Ice}Dynagelo{3*},Maxihelada,{Max}{Ice}Maxihelada{3*},다이아이스,{Max}{Ice}다이아이스{3*},極巨寒冰 / 极巨寒冰,{Max}{Ice}極巨寒冰 / 极巨寒冰{3*}
{Ice},{Max},Hailstorm,4*,4*,,,,#VALUE!,{Max}{Ice}Hailstorm{4*},Max Hailstorm 4,aff1ff,ダイアイス,{Max}{Ice}ダイアイス{4*},Cryomax,{Max}{Ice}Cryomax{4*},Dyna-Frost,{Max}{Ice}Dyna-Frost{4*},Dynagelo,{Max}{Ice}Dynagelo{4*},Maxihelada,{Max}{Ice}Maxihelada{4*},다이아이스,{Max}{Ice}다이아이스{4*},極巨寒冰 / 极巨寒冰,{Max}{Ice}極巨寒冰 / 极巨寒冰{4*}
{Ice},{Max},Hailstorm,5*,5*,,,,#VALUE!,{Max}{Ice}Hailstorm{5*},Max Hailstorm 5,aff1ff,ダイアイス,{Max}{Ice}ダイアイス{5*},Cryomax,{Max}{Ice}Cryomax{5*},Dyna-Frost,{Max}{Ice}Dyna-Frost{5*},Dynagelo,{Max}{Ice}Dynagelo{5*},Maxihelada,{Max}{Ice}Maxihelada{5*},다이아이스,{Max}{Ice}다이아이스{5*},極巨寒冰 / 极巨寒冰,{Max}{Ice}極巨寒冰 / 极巨寒冰{5*}
{Ice},{Max},Hailstorm,6*,6*,,,,#VALUE!,{Max}{Ice}Hailstorm{6*},Max Hailstorm 6,aff1ff,ダイアイス,{Max}{Ice}ダイアイス{6*},Cryomax,{Max}{Ice}Cryomax{6*},Dyna-Frost,{Max}{Ice}Dyna-Frost{6*},Dynagelo,{Max}{Ice}Dynagelo{6*},Maxihelada,{Max}{Ice}Maxihelada{6*},다이아이스,{Max}{Ice}다이아이스{6*},極巨寒冰 / 极巨寒冰,{Max}{Ice}極巨寒冰 / 极巨寒冰{6*}
{Fighting},{Max},Knuckle,2*,2*,,,,#VALUE!,{Max}{Fighting}Knuckle{2*},Max Knuckle 2,c76136,ダイナックル,{Max}{Fighting}ダイナックル{2*},Pugilomax,{Max}{Fighting}Pugilomax{2*},Dyna-Faust,{Max}{Fighting}Dyna-Faust{2*},Dynapugno,{Max}{Fighting}Dynapugno{2*},Punho Max,{Max}{Fighting}Punho Max{2*},다이너클,{Max}{Fighting}다이너클{2*},極巨拳鬥 / 极巨拳斗,{Max}{Fighting}極巨拳鬥 / 极巨拳斗{2*}
{Fighting},{Max},Knuckle,3*,3*,,,,#VALUE!,{Max}{Fighting}Knuckle{3*},Max Knuckle 3,c76136,ダイナックル,{Max}{Fighting}ダイナックル{3*},Pugilomax,{Max}{Fighting}Pugilomax{3*},Dyna-Faust,{Max}{Fighting}Dyna-Faust{3*},Dynapugno,{Max}{Fighting}Dynapugno{3*},Punho Max,{Max}{Fighting}Punho Max{3*},다이너클,{Max}{Fighting}다이너클{3*},極巨拳鬥 / 极巨拳斗,{Max}{Fighting}極巨拳鬥 / 极巨拳斗{3*}
{Fighting},{Max},Knuckle,4*,4*,,,,#VALUE!,{Max}{Fighting}Knuckle{4*},Max Knuckle 4,c76136,ダイナックル,{Max}{Fighting}ダイナックル{4*},Pugilomax,{Max}{Fighting}Pugilomax{4*},Dyna-Faust,{Max}{Fighting}Dyna-Faust{4*},Dynapugno,{Max}{Fighting}Dynapugno{4*},Punho Max,{Max}{Fighting}Punho Max{4*},다이너클,{Max}{Fighting}다이너클{4*},極巨拳鬥 / 极巨拳斗,{Max}{Fighting}極巨拳鬥 / 极巨拳斗{4*}
{Fighting},{Max},Knuckle,5*,5*,,,,#VALUE!,{Max}{Fighting}Knuckle{5*},Max Knuckle 5,c76136,ダイナックル,{Max}{Fighting}ダイナックル{5*},Pugilomax,{Max}{Fighting}Pugilomax{5*},Dyna-Faust,{Max}{Fighting}Dyna-Faust{5*},Dynapugno,{Max}{Fighting}Dynapugno{5*},Punho Max,{Max}{Fighting}Punho Max{5*},다이너클,{Max}{Fighting}다이너클{5*},極巨拳鬥 / 极巨拳斗,{Max}{Fighting}極巨拳鬥 / 极巨拳斗{5*}
{Fighting},{Max},Knuckle,6*,6*,,,,#VALUE!,{Max}{Fighting}Knuckle{6*},Max Knuckle 6,c76136,ダイナックル,{Max}{Fighting}ダイナックル{6*},Pugilomax,{Max}{Fighting}Pugilomax{6*},Dyna-Faust,{Max}{Fighting}Dyna-Faust{6*},Dynapugno,{Max}{Fighting}Dynapugno{6*},Punho Max,{Max}{Fighting}Punho Max{6*},다이너클,{Max}{Fighting}다이너클{6*},極巨拳鬥 / 极巨拳斗,{Max}{Fighting}極巨拳鬥 / 极巨拳斗{6*}
{Electric},{Max},Lightning,2*,2*,,,,#VALUE!,{Max}{Electric}Lightning{2*},Max Lightning 2,f7e846,ダイサンダー,{Max}{Electric}ダイサンダー{2*},Fulguromax,{Max}{Electric}Fulguromax{2*},Dyna-Gewitter,{Max}{Electric}Dyna-Gewitter{2*},Dynasaetta,{Max}{Electric}Dynasaetta{2*},Maxitormenta,{Max}{Electric}Maxitormenta{2*},다이썬더,{Max}{Electric}다이썬더{2*},極巨閃電 / 极巨闪电,{Max}{Electric}極巨閃電 / 极巨闪电{2*}
{Electric},{Max},Lightning,3*,3*,,,,#VALUE!,{Max}{Electric}Lightning{3*},Max Lightning 3,f7e846,ダイサンダー,{Max}{Electric}ダイサンダー{3*},Fulguromax,{Max}{Electric}Fulguromax{3*},Dyna-Gewitter,{Max}{Electric}Dyna-Gewitter{3*},Dynasaetta,{Max}{Electric}Dynasaetta{3*},Maxitormenta,{Max}{Electric}Maxitormenta{3*},다이썬더,{Max}{Electric}다이썬더{3*},極巨閃電 / 极巨闪电,{Max}{Electric}極巨閃電 / 极巨闪电{3*}
{Electric},{Max},Lightning,4*,4*,,,,#VALUE!,{Max}{Electric}Lightning{4*},Max Lightning 4,f7e846,ダイサンダー,{Max}{Electric}ダイサンダー{4*},Fulguromax,{Max}{Electric}Fulguromax{4*},Dyna-Gewitter,{Max}{Electric}Dyna-Gewitter{4*},Dynasaetta,{Max}{Electric}Dynasaetta{4*},Maxitormenta,{Max}{Electric}Maxitormenta{4*},다이썬더,{Max}{Electric}다이썬더{4*},極巨閃電 / 极巨闪电,{Max}{Electric}極巨閃電 / 极巨闪电{4*}
{Electric},{Max},Lightning,5*,5*,,,,#VALUE!,{Max}{Electric}Lightning{5*},Max Lightning 5,f7e846,ダイサンダー,{Max}{Electric}ダイサンダー{5*},Fulguromax,{Max}{Electric}Fulguromax{5*},Dyna-Gewitter,{Max}{Electric}Dyna-Gewitter{5*},Dynasaetta,{Max}{Electric}Dynasaetta{5*},Maxitormenta,{Max}{Electric}Maxitormenta{5*},다이썬더,{Max}{Electric}다이썬더{5*},極巨閃電 / 极巨闪电,{Max}{Electric}極巨閃電 / 极巨闪电{5*}
{Electric},{Max},Lightning,6*,6*,,,,#VALUE!,{Max}{Electric}Lightning{6*},Max Lightning 6,f7e846,ダイサンダー,{Max}{Electric}ダイサンダー{6*},Fulguromax,{Max}{Electric}Fulguromax{6*},Dyna-Gewitter,{Max}{Electric}Dyna-Gewitter{6*},Dynasaetta,{Max}{Electric}Dynasaetta{6*},Maxitormenta,{Max}{Electric}Maxitormenta{6*},다이썬더,{Max}{Electric}다이썬더{6*},極巨閃電 / 极巨闪电,{Max}{Electric}極巨閃電 / 极巨闪电{6*}
{Psychic},{Max},Mindstorm,2*,2*,,,,#VALUE!,{Max}{Psychic}Mindstorm{2*},Max Mindstorm 2,e274e1,ダイサイコ,{Max}{Psychic}ダイサイコ{2*},Psychomax,{Max}{Psychic}Psychomax{2*},Dyna-Kinese,{Max}{Psychic}Dyna-Kinese{2*},Dynapsiche,{Max}{Psychic}Dynapsiche{2*},Maxionda,{Max}{Psychic}Maxionda{2*},다이사이코,{Max}{Psychic}다이사이코{2*},極巨超能 / 极巨超能,{Max}{Psychic}極巨超能 / 极巨超能{2*}
{Psychic},{Max},Mindstorm,3*,3*,,,,#VALUE!,{Max}{Psychic}Mindstorm{3*},Max Mindstorm 3,e274e1,ダイサイコ,{Max}{Psychic}ダイサイコ{3*},Psychomax,{Max}{Psychic}Psychomax{3*},Dyna-Kinese,{Max}{Psychic}Dyna-Kinese{3*},Dynapsiche,{Max}{Psychic}Dynapsiche{3*},Maxionda,{Max}{Psychic}Maxionda{3*},다이사이코,{Max}{Psychic}다이사이코{3*},極巨超能 / 极巨超能,{Max}{Psychic}極巨超能 / 极巨超能{3*}
{Psychic},{Max},Mindstorm,4*,4*,,,,#VALUE!,{Max}{Psychic}Mindstorm{4*},Max Mindstorm 4,e274e1,ダイサイコ,{Max}{Psychic}ダイサイコ{4*},Psychomax,{Max}{Psychic}Psychomax{4*},Dyna-Kinese,{Max}{Psychic}Dyna-Kinese{4*},Dynapsiche,{Max}{Psychic}Dynapsiche{4*},Maxionda,{Max}{Psychic}Maxionda{4*},다이사이코,{Max}{Psychic}다이사이코{4*},極巨超能 / 极巨超能,{Max}{Psychic}極巨超能 / 极巨超能{4*}
{Psychic},{Max},Mindstorm,5*,5*,,,,#VALUE!,{Max}{Psychic}Mindstorm{5*},Max Mindstorm 5,e274e1,ダイサイコ,{Max}{Psychic}ダイサイコ{5*},Psychomax,{Max}{Psychic}Psychomax{5*},Dyna-Kinese,{Max}{Psychic}Dyna-Kinese{5*},Dynapsiche,{Max}{Psychic}Dynapsiche{5*},Maxionda,{Max}{Psychic}Maxionda{5*},다이사이코,{Max}{Psychic}다이사이코{5*},極巨超能 / 极巨超能,{Max}{Psychic}極巨超能 / 极巨超能{5*}
{Psychic},{Max},Mindstorm,6*,6*,,,,#VALUE!,{Max}{Psychic}Mindstorm{6*},Max Mindstorm 6,e274e1,ダイサイコ,{Max}{Psychic}ダイサイコ{6*},Psychomax,{Max}{Psychic}Psychomax{6*},Dyna-Kinese,{Max}{Psychic}Dyna-Kinese{6*},Dynapsiche,{Max}{Psychic}Dynapsiche{6*},Maxionda,{Max}{Psychic}Maxionda{6*},다이사이코,{Max}{Psychic}다이사이코{6*},極巨超能 / 极巨超能,{Max}{Psychic}極巨超能 / 极巨超能{6*}
{Poison},{Max},Ooze,2*,2*,,,,#VALUE!,{Max}{Poison}Ooze{2*},Max Ooze 2,bc95be,ダイアシッド,{Max}{Poison}ダイアシッド{2*},Toxinomax,{Max}{Poison}Toxinomax{2*},Dyna-Giftschwall,{Max}{Poison}Dyna-Giftschwall{2*},Dynacorrosione,{Max}{Poison}Dynacorrosione{2*},Maxiácido,{Max}{Poison}Maxiácido{2*},다이애시드,{Max}{Poison}다이애시드{2*},極巨酸毒 / 极巨酸毒,{Max}{Poison}極巨酸毒 / 极巨酸毒{2*}
{Poison},{Max},Ooze,3*,3*,,,,#VALUE!,{Max}{Poison}Ooze{3*},Max Ooze 3,bc95be,ダイアシッド,{Max}{Poison}ダイアシッド{3*},Toxinomax,{Max}{Poison}Toxinomax{3*},Dyna-Giftschwall,{Max}{Poison}Dyna-Giftschwall{3*},Dynacorrosione,{Max}{Poison}Dynacorrosione{3*},Maxiácido,{Max}{Poison}Maxiácido{3*},다이애시드,{Max}{Poison}다이애시드{3*},極巨酸毒 / 极巨酸毒,{Max}{Poison}極巨酸毒 / 极巨酸毒{3*}
{Poison},{Max},Ooze,4*,4*,,,,#VALUE!,{Max}{Poison}Ooze{4*},Max Ooze 4,bc95be,ダイアシッド,{Max}{Poison}ダイアシッド{4*},Toxinomax,{Max}{Poison}Toxinomax{4*},Dyna-Giftschwall,{Max}{Poison}Dyna-Giftschwall{4*},Dynacorrosione,{Max}{Poison}Dynacorrosione{4*},Maxiácido,{Max}{Poison}Maxiácido{4*},다이애시드,{Max}{Poison}다이애시드{4*},極巨酸毒 / 极巨酸毒,{Max}{Poison}極巨酸毒 / 极巨酸毒{4*}
{Poison},{Max},Ooze,5*,5*,,,,#VALUE!,{Max}{Poison}Ooze{5*},Max Ooze 5,bc95be,ダイアシッド,{Max}{Poison}ダイアシッド{5*},Toxinomax,{Max}{Poison}Toxinomax{5*},Dyna-Giftschwall,{Max}{Poison}Dyna-Giftschwall{5*},Dynacorrosione,{Max}{Poison}Dynacorrosione{5*},Maxiácido,{Max}{Poison}Maxiácido{5*},다이애시드,{Max}{Poison}다이애시드{5*},極巨酸毒 / 极巨酸毒,{Max}{Poison}極巨酸毒 / 极巨酸毒{5*}
{Poison},{Max},Ooze,6*,6*,,,,#VALUE!,{Max}{Poison}Ooze{6*},Max Ooze 6,bc95be,ダイアシッド,{Max}{Poison}ダイアシッド{6*},Toxinomax,{Max}{Poison}Toxinomax{6*},Dyna-Giftschwall,{Max}{Poison}Dyna-Giftschwall{6*},Dynacorrosione,{Max}{Poison}Dynacorrosione{6*},Maxiácido,{Max}{Poison}Maxiácido{6*},다이애시드,{Max}{Poison}다이애시드{6*},極巨酸毒 / 极巨酸毒,{Max}{Poison}極巨酸毒 / 极巨酸毒{6*}
{Grass},{Max},Overgrowth,2*,2*,,,,#VALUE!,{Max}{Grass}Overgrowth{2*},Max Overgrowth 2,89bd48,ダイソウゲン,{Max}{Grass}ダイソウゲン{2*},Phytomax,{Max}{Grass}Phytomax{2*},Dyna-Flora,{Max}{Grass}Dyna-Flora{2*},Dynaflora,{Max}{Grass}Dynaflora{2*},Maxiflora,{Max}{Grass}Maxiflora{2*},다이그래스,{Max}{Grass}다이그래스{2*},極巨草原 / 极巨草原,{Max}{Grass}極巨草原 / 极巨草原{2*}
{Grass},{Max},Overgrowth,3*,3*,,,,#VALUE!,{Max}{Grass}Overgrowth{3*},Max Overgrowth 3,89bd48,ダイソウゲン,{Max}{Grass}ダイソウゲン{3*},Phytomax,{Max}{Grass}Phytomax{3*},Dyna-Flora,{Max}{Grass}Dyna-Flora{3*},Dynaflora,{Max}{Grass}Dynaflora{3*},Maxiflora,{Max}{Grass}Maxiflora{3*},다이그래스,{Max}{Grass}다이그래스{3*},極巨草原 / 极巨草原,{Max}{Grass}極巨草原 / 极巨草原{3*}
{Grass},{Max},Overgrowth,4*,4*,,,,#VALUE!,{Max}{Grass}Overgrowth{4*},Max Overgrowth 4,89bd48,ダイソウゲン,{Max}{Grass}ダイソウゲン{4*},Phytomax,{Max}{Grass}Phytomax{4*},Dyna-Flora,{Max}{Grass}Dyna-Flora{4*},Dynaflora,{Max}{Grass}Dynaflora{4*},Maxiflora,{Max}{Grass}Maxiflora{4*},다이그래스,{Max}{Grass}다이그래스{4*},極巨草原 / 极巨草原,{Max}{Grass}極巨草原 / 极巨草原{4*}
{Grass},{Max},Overgrowth,5*,5*,,,,#VALUE!,{Max}{Grass}Overgrowth{5*},Max Overgrowth 5,89bd48,ダイソウゲン,{Max}{Grass}ダイソウゲン{5*},Phytomax,{Max}{Grass}Phytomax{5*},Dyna-Flora,{Max}{Grass}Dyna-Flora{5*},Dynaflora,{Max}{Grass}Dynaflora{5*},Maxiflora,{Max}{Grass}Maxiflora{5*},다이그래스,{Max}{Grass}다이그래스{5*},極巨草原 / 极巨草原,{Max}{Grass}極巨草原 / 极巨草原{5*}
{Grass},{Max},Overgrowth,6*,6*,,,,#VALUE!,{Max}{Grass}Overgrowth{6*},Max Overgrowth 6,89bd48,ダイソウゲン,{Max}{Grass}ダイソウゲン{6*},Phytomax,{Max}{Grass}Phytomax{6*},Dyna-Flora,{Max}{Grass}Dyna-Flora{6*},Dynaflora,{Max}{Grass}Dynaflora{6*},Maxiflora,{Max}{Grass}Maxiflora{6*},다이그래스,{Max}{Grass}다이그래스{6*},極巨草原 / 极巨草原,{Max}{Grass}極巨草原 / 极巨草原{6*}
{Ghost},{Max},Phantasm,2*,2*,,,,#VALUE!,{Max}{Ghost}Phantasm{2*},Max Phantasm 2,8184a0,ダイホロウ,{Max}{Ghost}ダイホロウ{2*},Spectromax,{Max}{Ghost}Spectromax{2*},Dyna-Spuk,{Max}{Ghost}Dyna-Spuk{2*},Dynavuoto,{Max}{Ghost}Dynavuoto{2*},Maxiespectro,{Max}{Ghost}Maxiespectro{2*},다이할로우,{Max}{Ghost}다이할로우{2*},極巨幽魂 / 极巨幽魂,{Max}{Ghost}極巨幽魂 / 极巨幽魂{2*}
{Ghost},{Max},Phantasm,3*,3*,,,,#VALUE!,{Max}{Ghost}Phantasm{3*},Max Phantasm 3,8184a0,ダイホロウ,{Max}{Ghost}ダイホロウ{3*},Spectromax,{Max}{Ghost}Spectromax{3*},Dyna-Spuk,{Max}{Ghost}Dyna-Spuk{3*},Dynavuoto,{Max}{Ghost}Dynavuoto{3*},Maxiespectro,{Max}{Ghost}Maxiespectro{3*},다이할로우,{Max}{Ghost}다이할로우{3*},極巨幽魂 / 极巨幽魂,{Max}{Ghost}極巨幽魂 / 极巨幽魂{3*}
{Ghost},{Max},Phantasm,4*,4*,,,,#VALUE!,{Max}{Ghost}Phantasm{4*},Max Phantasm 4,8184a0,ダイホロウ,{Max}{Ghost}ダイホロウ{4*},Spectromax,{Max}{Ghost}Spectromax{4*},Dyna-Spuk,{Max}{Ghost}Dyna-Spuk{4*},Dynavuoto,{Max}{Ghost}Dynavuoto{4*},Maxiespectro,{Max}{Ghost}Maxiespectro{4*},다이할로우,{Max}{Ghost}다이할로우{4*},極巨幽魂 / 极巨幽魂,{Max}{Ghost}極巨幽魂 / 极巨幽魂{4*}
{Ghost},{Max},Phantasm,5*,5*,,,,#VALUE!,{Max}{Ghost}Phantasm{5*},Max Phantasm 5,8184a0,ダイホロウ,{Max}{Ghost}ダイホロウ{5*},Spectromax,{Max}{Ghost}Spectromax{5*},Dyna-Spuk,{Max}{Ghost}Dyna-Spuk{5*},Dynavuoto,{Max}{Ghost}Dynavuoto{5*},Maxiespectro,{Max}{Ghost}Maxiespectro{5*},다이할로우,{Max}{Ghost}다이할로우{5*},極巨幽魂 / 极巨幽魂,{Max}{Ghost}極巨幽魂 / 极巨幽魂{5*}
{Ghost},{Max},Phantasm,6*,6*,,,,#VALUE!,{Max}{Ghost}Phantasm{6*},Max Phantasm 6,8184a0,ダイホロウ,{Max}{Ghost}ダイホロウ{6*},Spectromax,{Max}{Ghost}Spectromax{6*},Dyna-Spuk,{Max}{Ghost}Dyna-Spuk{6*},Dynavuoto,{Max}{Ghost}Dynavuoto{6*},Maxiespectro,{Max}{Ghost}Maxiespectro{6*},다이할로우,{Max}{Ghost}다이할로우{6*},極巨幽魂 / 极巨幽魂,{Max}{Ghost}極巨幽魂 / 极巨幽魂{6*}
{Ground},{Max},Quake,2*,2*,,,,#VALUE!,{Max}{Ground}Quake{2*},Max Quake 2,b8af89,ダイアース,{Max}{Ground}ダイアース{2*},Sismomax,{Max}{Ground}Sismomax{2*},Dyna-Erdstoß,{Max}{Ground}Dyna-Erdstoß{2*},Dynasisma,{Max}{Ground}Dynasisma{2*},Maxitemblor,{Max}{Ground}Maxitemblor{2*},다이어스,{Max}{Ground}다이어스{2*},極巨大地 / 极巨大地,{Max}{Ground}極巨大地 / 极巨大地{2*}
{Ground},{Max},Quake,3*,3*,,,,#VALUE!,{Max}{Ground}Quake{3*},Max Quake 3,b8af89,ダイアース,{Max}{Ground}ダイアース{3*},Sismomax,{Max}{Ground}Sismomax{3*},Dyna-Erdstoß,{Max}{Ground}Dyna-Erdstoß{3*},Dynasisma,{Max}{Ground}Dynasisma{3*},Maxitemblor,{Max}{Ground}Maxitemblor{3*},다이어스,{Max}{Ground}다이어스{3*},極巨大地 / 极巨大地,{Max}{Ground}極巨大地 / 极巨大地{3*}
{Ground},{Max},Quake,4*,4*,,,,#VALUE!,{Max}{Ground}Quake{4*},Max Quake 4,b8af89,ダイアース,{Max}{Ground}ダイアース{4*},Sismomax,{Max}{Ground}Sismomax{4*},Dyna-Erdstoß,{Max}{Ground}Dyna-Erdstoß{4*},Dynasisma,{Max}{Ground}Dynasisma{4*},Maxitemblor,{Max}{Ground}Maxitemblor{4*},다이어스,{Max}{Ground}다이어스{4*},極巨大地 / 极巨大地,{Max}{Ground}極巨大地 / 极巨大地{4*}
{Ground},{Max},Quake,5*,5*,,,,#VALUE!,{Max}{Ground}Quake{5*},Max Quake 5,b8af89,ダイアース,{Max}{Ground}ダイアース{5*},Sismomax,{Max}{Ground}Sismomax{5*},Dyna-Erdstoß,{Max}{Ground}Dyna-Erdstoß{5*},Dynasisma,{Max}{Ground}Dynasisma{5*},Maxitemblor,{Max}{Ground}Maxitemblor{5*},다이어스,{Max}{Ground}다이어스{5*},極巨大地 / 极巨大地,{Max}{Ground}極巨大地 / 极巨大地{5*}
{Ground},{Max},Quake,6*,6*,,,,#VALUE!,{Max}{Ground}Quake{6*},Max Quake 6,b8af89,ダイアース,{Max}{Ground}ダイアース{6*},Sismomax,{Max}{Ground}Sismomax{6*},Dyna-Erdstoß,{Max}{Ground}Dyna-Erdstoß{6*},Dynasisma,{Max}{Ground}Dynasisma{6*},Maxitemblor,{Max}{Ground}Maxitemblor{6*},다이어스,{Max}{Ground}다이어스{6*},極巨大地 / 极巨大地,{Max}{Ground}極巨大地 / 极巨大地{6*}
{Rock},{Max},Rockfall,2*,2*,,,,#VALUE!,{Max}{Rock}Rockfall{2*},Max Rockfall 2,aeaeae,ダイロック,{Max}{Rock}ダイロック{2*},Lithomax,{Max}{Rock}Lithomax{2*},Dyna-Brocken,{Max}{Rock}Dyna-Brocken{2*},Dynamacigno,{Max}{Rock}Dynamacigno{2*},Maxilito,{Max}{Rock}Maxilito{2*},다이록,{Max}{Rock}다이록{2*},極巨岩石 / 极巨岩石,{Max}{Rock}極巨岩石 / 极巨岩石{2*}
{Rock},{Max},Rockfall,3*,3*,,,,#VALUE!,{Max}{Rock}Rockfall{3*},Max Rockfall 3,aeaeae,ダイロック,{Max}{Rock}ダイロック{3*},Lithomax,{Max}{Rock}Lithomax{3*},Dyna-Brocken,{Max}{Rock}Dyna-Brocken{3*},Dynamacigno,{Max}{Rock}Dynamacigno{3*},Maxilito,{Max}{Rock}Maxilito{3*},다이록,{Max}{Rock}다이록{3*},極巨岩石 / 极巨岩石,{Max}{Rock}極巨岩石 / 极巨岩石{3*}
{Rock},{Max},Rockfall,4*,4*,,,,#VALUE!,{Max}{Rock}Rockfall{4*},Max Rockfall 4,aeaeae,ダイロック,{Max}{Rock}ダイロック{4*},Lithomax,{Max}{Rock}Lithomax{4*},Dyna-Brocken,{Max}{Rock}Dyna-Brocken{4*},Dynamacigno,{Max}{Rock}Dynamacigno{4*},Maxilito,{Max}{Rock}Maxilito{4*},다이록,{Max}{Rock}다이록{4*},極巨岩石 / 极巨岩石,{Max}{Rock}極巨岩石 / 极巨岩石{4*}
{Rock},{Max},Rockfall,5*,5*,,,,#VALUE!,{Max}{Rock}Rockfall{5*},Max Rockfall 5,aeaeae,ダイロック,{Max}{Rock}ダイロック{5*},Lithomax,{Max}{Rock}Lithomax{5*},Dyna-Brocken,{Max}{Rock}Dyna-Brocken{5*},Dynamacigno,{Max}{Rock}Dynamacigno{5*},Maxilito,{Max}{Rock}Maxilito{5*},다이록,{Max}{Rock}다이록{5*},極巨岩石 / 极巨岩石,{Max}{Rock}極巨岩石 / 极巨岩石{5*}
{Rock},{Max},Rockfall,6*,6*,,,,#VALUE!,{Max}{Rock}Rockfall{6*},Max Rockfall 6,aeaeae,ダイロック,{Max}{Rock}ダイロック{6*},Lithomax,{Max}{Rock}Lithomax{6*},Dyna-Brocken,{Max}{Rock}Dyna-Brocken{6*},Dynamacigno,{Max}{Rock}Dynamacigno{6*},Maxilito,{Max}{Rock}Maxilito{6*},다이록,{Max}{Rock}다이록{6*},極巨岩石 / 极巨岩石,{Max}{Rock}極巨岩石 / 极巨岩石{6*}
{Fairy},{Max},Starfall,2*,2*,,,,#VALUE!,{Max}{Fairy}Starfall{2*},Max Starfall 2,ffa5cd,ダイフェアリー,{Max}{Fairy}ダイフェアリー{2*},Enchantomax,{Max}{Fairy}Enchantomax{2*},Dyna-Zauber,{Max}{Fairy}Dyna-Zauber{2*},Dynafata,{Max}{Fairy}Dynafata{2*},Maxiestela,{Max}{Fairy}Maxiestela{2*},다이페어리,{Max}{Fairy}다이페어리{2*},極巨妖精 / 极巨妖精,{Max}{Fairy}極巨妖精 / 极巨妖精{2*}
{Fairy},{Max},Starfall,3*,3*,,,,#VALUE!,{Max}{Fairy}Starfall{3*},Max Starfall 3,ffa5cd,ダイフェアリー,{Max}{Fairy}ダイフェアリー{3*},Enchantomax,{Max}{Fairy}Enchantomax{3*},Dyna-Zauber,{Max}{Fairy}Dyna-Zauber{3*},Dynafata,{Max}{Fairy}Dynafata{3*},Maxiestela,{Max}{Fairy}Maxiestela{3*},다이페어리,{Max}{Fairy}다이페어리{3*},極巨妖精 / 极巨妖精,{Max}{Fairy}極巨妖精 / 极巨妖精{3*}
{Fairy},{Max},Starfall,4*,4*,,,,#VALUE!,{Max}{Fairy}Starfall{4*},Max Starfall 4,ffa5cd,ダイフェアリー,{Max}{Fairy}ダイフェアリー{4*},Enchantomax,{Max}{Fairy}Enchantomax{4*},Dyna-Zauber,{Max}{Fairy}Dyna-Zauber{4*},Dynafata,{Max}{Fairy}Dynafata{4*},Maxiestela,{Max}{Fairy}Maxiestela{4*},다이페어리,{Max}{Fairy}다이페어리{4*},極巨妖精 / 极巨妖精,{Max}{Fairy}極巨妖精 / 极巨妖精{4*}
{Fairy},{Max},Starfall,5*,5*,,,,#VALUE!,{Max}{Fairy}Starfall{5*},Max Starfall 5,ffa5cd,ダイフェアリー,{Max}{Fairy}ダイフェアリー{5*},Enchantomax,{Max}{Fairy}Enchantomax{5*},Dyna-Zauber,{Max}{Fairy}Dyna-Zauber{5*},Dynafata,{Max}{Fairy}Dynafata{5*},Maxiestela,{Max}{Fairy}Maxiestela{5*},다이페어리,{Max}{Fairy}다이페어리{5*},極巨妖精 / 极巨妖精,{Max}{Fairy}極巨妖精 / 极巨妖精{5*}
{Fairy},{Max},Starfall,6*,6*,,,,#VALUE!,{Max}{Fairy}Starfall{6*},Max Starfall 6,ffa5cd,ダイフェアリー,{Max}{Fairy}ダイフェアリー{6*},Enchantomax,{Max}{Fairy}Enchantomax{6*},Dyna-Zauber,{Max}{Fairy}Dyna-Zauber{6*},Dynafata,{Max}{Fairy}Dynafata{6*},Maxiestela,{Max}{Fairy}Maxiestela{6*},다이페어리,{Max}{Fairy}다이페어리{6*},極巨妖精 / 极巨妖精,{Max}{Fairy}極巨妖精 / 极巨妖精{6*}
{Steel},{Max},Steelspike,2*,2*,,,,#VALUE!,{Max}{Steel}Steelspike{2*},Max Steelspike 2,979e9a,ダイスチル,{Max}{Steel}ダイスチル{2*},Métallomax,{Max}{Steel}Métallomax{2*},Dyna-Stahlzacken,{Max}{Steel}Dyna-Stahlzacken{2*},Dynametallo,{Max}{Steel}Dynametallo{2*},Maximetal,{Max}{Steel}Maximetal{2*},다이스틸,{Max}{Steel}다이스틸{2*},極巨鋼鐵 / 极巨钢铁,{Max}{Steel}極巨鋼鐵 / 极巨钢铁{2*}
{Steel},{Max},Steelspike,3*,3*,,,,#VALUE!,{Max}{Steel}Steelspike{3*},Max Steelspike 3,979e9a,ダイスチル,{Max}{Steel}ダイスチル{3*},Métallomax,{Max}{Steel}Métallomax{3*},Dyna-Stahlzacken,{Max}{Steel}Dyna-Stahlzacken{3*},Dynametallo,{Max}{Steel}Dynametallo{3*},Maximetal,{Max}{Steel}Maximetal{3*},다이스틸,{Max}{Steel}다이스틸{3*},極巨鋼鐵 / 极巨钢铁,{Max}{Steel}極巨鋼鐵 / 极巨钢铁{3*}
{Steel},{Max},Steelspike,4*,4*,,,,#VALUE!,{Max}{Steel}Steelspike{4*},Max Steelspike 4,979e9a,ダイスチル,{Max}{Steel}ダイスチル{4*},Métallomax,{Max}{Steel}Métallomax{4*},Dyna-Stahlzacken,{Max}{Steel}Dyna-Stahlzacken{4*},Dynametallo,{Max}{Steel}Dynametallo{4*},Maximetal,{Max}{Steel}Maximetal{4*},다이스틸,{Max}{Steel}다이스틸{4*},極巨鋼鐵 / 极巨钢铁,{Max}{Steel}極巨鋼鐵 / 极巨钢铁{4*}
{Steel},{Max},Steelspike,5*,5*,,,,#VALUE!,{Max}{Steel}Steelspike{5*},Max Steelspike 5,979e9a,ダイスチル,{Max}{Steel}ダイスチル{5*},Métallomax,{Max}{Steel}Métallomax{5*},Dyna-Stahlzacken,{Max}{Steel}Dyna-Stahlzacken{5*},Dynametallo,{Max}{Steel}Dynametallo{5*},Maximetal,{Max}{Steel}Maximetal{5*},다이스틸,{Max}{Steel}다이스틸{5*},極巨鋼鐵 / 极巨钢铁,{Max}{Steel}極巨鋼鐵 / 极巨钢铁{5*}
{Steel},{Max},Steelspike,6*,6*,,,,#VALUE!,{Max}{Steel}Steelspike{6*},Max Steelspike 6,979e9a,ダイスチル,{Max}{Steel}ダイスチル{6*},Métallomax,{Max}{Steel}Métallomax{6*},Dyna-Stahlzacken,{Max}{Steel}Dyna-Stahlzacken{6*},Dynametallo,{Max}{Steel}Dynametallo{6*},Maximetal,{Max}{Steel}Maximetal{6*},다이스틸,{Max}{Steel}다이스틸{6*},極巨鋼鐵 / 极巨钢铁,{Max}{Steel}極巨鋼鐵 / 极巨钢铁{6*}
{Normal},{Max},Strike,2*,2*,,,,#VALUE!,{Max}{Normal}Strike{2*},Max Strike 2,efefef,ダイアタック,{Max}{Normal}ダイアタック{2*},Normalomax,{Max}{Normal}Normalomax{2*},Dyna-Angriff,{Max}{Normal}Dyna-Angriff{2*},Dynattacco,{Max}{Normal}Dynattacco{2*},Maxiataque,{Max}{Normal}Maxiataque{2*},다이어택,{Max}{Normal}다이어택{2*},極巨攻擊 / 极巨攻击,{Max}{Normal}極巨攻擊 / 极巨攻击{2*}
{Normal},{Max},Strike,3*,3*,,,,#VALUE!,{Max}{Normal}Strike{3*},Max Strike 3,efefef,ダイアタック,{Max}{Normal}ダイアタック{3*},Normalomax,{Max}{Normal}Normalomax{3*},Dyna-Angriff,{Max}{Normal}Dyna-Angriff{3*},Dynattacco,{Max}{Normal}Dynattacco{3*},Maxiataque,{Max}{Normal}Maxiataque{3*},다이어택,{Max}{Normal}다이어택{3*},極巨攻擊 / 极巨攻击,{Max}{Normal}極巨攻擊 / 极巨攻击{3*}
{Normal},{Max},Strike,4*,4*,,,,#VALUE!,{Max}{Normal}Strike{4*},Max Strike 4,efefef,ダイアタック,{Max}{Normal}ダイアタック{4*},Normalomax,{Max}{Normal}Normalomax{4*},Dyna-Angriff,{Max}{Normal}Dyna-Angriff{4*},Dynattacco,{Max}{Normal}Dynattacco{4*},Maxiataque,{Max}{Normal}Maxiataque{4*},다이어택,{Max}{Normal}다이어택{4*},極巨攻擊 / 极巨攻击,{Max}{Normal}極巨攻擊 / 极巨攻击{4*}
{Normal},{Max},Strike,5*,5*,,,,#VALUE!,{Max}{Normal}Strike{5*},Max Strike 5,efefef,ダイアタック,{Max}{Normal}ダイアタック{5*},Normalomax,{Max}{Normal}Normalomax{5*},Dyna-Angriff,{Max}{Normal}Dyna-Angriff{5*},Dynattacco,{Max}{Normal}Dynattacco{5*},Maxiataque,{Max}{Normal}Maxiataque{5*},다이어택,{Max}{Normal}다이어택{5*},極巨攻擊 / 极巨攻击,{Max}{Normal}極巨攻擊 / 极巨攻击{5*}
{Normal},{Max},Strike,6*,6*,,,,#VALUE!,{Max}{Normal}Strike{6*},Max Strike 6,efefef,ダイアタック,{Max}{Normal}ダイアタック{6*},Normalomax,{Max}{Normal}Normalomax{6*},Dyna-Angriff,{Max}{Normal}Dyna-Angriff{6*},Dynattacco,{Max}{Normal}Dynattacco{6*},Maxiataque,{Max}{Normal}Maxiataque{6*},다이어택,{Max}{Normal}다이어택{6*},極巨攻擊 / 极巨攻击,{Max}{Normal}極巨攻擊 / 极巨攻击{6*}
{Dragon},{Max},Wyrmwind,2*,2*,,,,#VALUE!,{Max}{Dragon}Wyrmwind{2*},Max Wyrmwind 2,ecb446,ダイドラグーン,{Max}{Dragon}ダイドラグーン{2*},Dracomax,{Max}{Dragon}Dracomax{2*},Dyna-Wyrm,{Max}{Dragon}Dyna-Wyrm{2*},Dynadragone,{Max}{Dragon}Dynadragone{2*},Maxidraco,{Max}{Dragon}Maxidraco{2*},다이드라군,{Max}{Dragon}다이드라군{2*},極巨龍騎 / 极巨龙骑,{Max}{Dragon}極巨龍騎 / 极巨龙骑{2*}
{Dragon},{Max},Wyrmwind,3*,3*,,,,#VALUE!,{Max}{Dragon}Wyrmwind{3*},Max Wyrmwind 3,ecb446,ダイドラグーン,{Max}{Dragon}ダイドラグーン{3*},Dracomax,{Max}{Dragon}Dracomax{3*},Dyna-Wyrm,{Max}{Dragon}Dyna-Wyrm{3*},Dynadragone,{Max}{Dragon}Dynadragone{3*},Maxidraco,{Max}{Dragon}Maxidraco{3*},다이드라군,{Max}{Dragon}다이드라군{3*},極巨龍騎 / 极巨龙骑,{Max}{Dragon}極巨龍騎 / 极巨龙骑{3*}
{Dragon},{Max},Wyrmwind,4*,4*,,,,#VALUE!,{Max}{Dragon}Wyrmwind{4*},Max Wyrmwind 4,ecb446,ダイドラグーン,{Max}{Dragon}ダイドラグーン{4*},Dracomax,{Max}{Dragon}Dracomax{4*},Dyna-Wyrm,{Max}{Dragon}Dyna-Wyrm{4*},Dynadragone,{Max}{Dragon}Dynadragone{4*},Maxidraco,{Max}{Dragon}Maxidraco{4*},다이드라군,{Max}{Dragon}다이드라군{4*},極巨龍騎 / 极巨龙骑,{Max}{Dragon}極巨龍騎 / 极巨龙骑{4*}
{Dragon},{Max},Wyrmwind,5*,5*,,,,#VALUE!,{Max}{Dragon}Wyrmwind{5*},Max Wyrmwind 5,ecb446,ダイドラグーン,{Max}{Dragon}ダイドラグーン{5*},Dracomax,{Max}{Dragon}Dracomax{5*},Dyna-Wyrm,{Max}{Dragon}Dyna-Wyrm{5*},Dynadragone,{Max}{Dragon}Dynadragone{5*},Maxidraco,{Max}{Dragon}Maxidraco{5*},다이드라군,{Max}{Dragon}다이드라군{5*},極巨龍騎 / 极巨龙骑,{Max}{Dragon}極巨龍騎 / 极巨龙骑{5*}
{Dragon},{Max},Wyrmwind,6*,6*,,,,#VALUE!,{Max}{Dragon}Wyrmwind{6*},Max Wyrmwind 6,ecb446,ダイドラグーン,{Max}{Dragon}ダイドラグーン{6*},Dracomax,{Max}{Dragon}Dracomax{6*},Dyna-Wyrm,{Max}{Dragon}Dyna-Wyrm{6*},Dynadragone,{Max}{Dragon}Dynadragone{6*},Maxidraco,{Max}{Dragon}Maxidraco{6*},다이드라군,{Max}{Dragon}다이드라군{6*},極巨龍騎 / 极巨龙骑,{Max}{Dragon}極巨龍騎 / 极巨龙骑{6*}
{Bug},{G-Max},Befuddle,3*,3*,,,,#VALUE!,{G-Max}{Bug}Befuddle{3*},G-Max Befuddle,c1db70,キョダイコワク,{G-Max}{Bug}キョダイコワク{3*},Illusion G-Max,{G-Max}{Bug}Illusion G-Max{3*},Giga-Benebelung,{G-Max}{Bug}Giga-Benebelung{3*},Gigastupore,{G-Max}{Bug}Gigastupore{3*},Gigaestupor,{G-Max}{Bug}Gigaestupor{3*},거다이고혹,{G-Max}{Bug}거다이고혹{3*},超極巨蝶影蠱惑 / 超极巨蝶影蛊惑,{G-Max}{Bug}超極巨蝶影蠱惑 / 超极巨蝶影蛊惑{3*}
{Water},{G-Max d4},Cannonade,3,3,{W Add 4},,,False,{G-Max d4}{Water}Cannonade{3}{W Add 4},G-Max Cannonade,7ec5e2,キョダイホウゲキ,{G-Max d4}{Water}キョダイホウゲキ{3}{W Add 4},Canonnade G-Max,{G-Max d4}{Water}Canonnade G-Max{3}{W Add 4},Giga-Beschuss,{G-Max d4}{Water}Giga-Beschuss{3}{W Add 4},Gigacannonata,{G-Max d4}{Water}Gigacannonata{3}{W Add 4},Gigacañonazo,{G-Max d4}{Water}Gigacañonazo{3}{W Add 4},거다이포격,{G-Max d4}{Water}거다이포격{3}{W Add 4},超極巨水砲轟滅 / 超极巨水炮轰灭,{G-Max d4}{Water}超極巨水砲轟滅 / 超极巨水炮轰灭{3}{W Add 4}
{Fire},{G-Max d4},Centiferno,3,3,{W Add 4},,,False,{G-Max d4}{Fire}Centiferno{3}{W Add 4},G-Max Centiferno,ff6464,キョダイヒャッカ,{G-Max d4}{Fire}キョダイヒャッカ{3}{W Add 4},Combustion G-Max,{G-Max d4}{Fire}Combustion G-Max{3}{W Add 4},Giga-Feuerkessel,{G-Max d4}{Fire}Giga-Feuerkessel{3}{W Add 4},Gigamillefiamme,{G-Max d4}{Fire}Gigamillefiamme{3}{W Add 4},Gigacienfuegos,{G-Max d4}{Fire}Gigacienfuegos{3}{W Add 4},거다이백화,{G-Max d4}{Fire}거다이백화{3}{W Add 4},超極巨百火焚野 / 超极巨百火焚野,{G-Max d4}{Fire}超極巨百火焚野 / 超极巨百火焚野{3}{W Add 4}
{Fighting},{G-Max d8},Chi Strike,3,3,,,,False,{G-Max d8}{Fighting}Chi Strike{3},G-Max Chi Strike,c76136,キョダイシンゲキ,{G-Max d8}{Fighting}キョダイシンゲキ{3},Frappe G-Max,{G-Max d8}{Fighting}Frappe G-Max{3},Giga-Fokusschlag,{G-Max d8}{Fighting}Giga-Fokusschlag{3},Gigapugnointuito,{G-Max d8}{Fighting}Gigapugnointuito{3},Gigapuñición,{G-Max d8}{Fighting}Gigapuñición{3},거다이회심격,{G-Max d8}{Fighting}거다이회심격{3},超極巨會心一擊 / 超极巨会心一击,{G-Max d8}{Fighting}超極巨會心一擊 / 超极巨会心一击{3}
{Normal},{G-Max},Cuddle,3,3,{W Prot 4},,,False,{G-Max}{Normal}Cuddle{3}{W Prot 4},G-Max Cuddle,efefef,キョダイホーヨー,{G-Max}{Normal}キョダイホーヨー{3}{W Prot 4},Câlin G-Max,{G-Max}{Normal}Câlin G-Max{3}{W Prot 4},Giga-Gekuschel,{G-Max}{Normal}Giga-Gekuschel{3}{W Prot 4},Gigabbraccio,{G-Max}{Normal}Gigabbraccio{3}{W Prot 4},Gigaternura,{G-Max}{Normal}Gigaternura{3}{W Prot 4},거다이포옹,{G-Max}{Normal}거다이포옹{3}{W Prot 4},超極巨熱情擁抱 / 超极巨热情拥抱,{G-Max}{Normal}超極巨熱情擁抱 / 超极巨热情拥抱{3}{W Prot 4}
{Dragon},{G-Max},Depletion,3*,3*,,,,#VALUE!,{G-Max}{Dragon}Depletion{3*},G-Max Depletion,ecb446,キョダイゲンスイ,{G-Max}{Dragon}キョダイゲンスイ{3*},Usure G-Max,{G-Max}{Dragon}Usure G-Max{3*},Giga-Dämpfer,{G-Max}{Dragon}Giga-Dämpfer{3*},Gigalogoramento,{G-Max}{Dragon}Gigalogoramento{3*},Gigadesgaste,{G-Max}{Dragon}Gigadesgaste{3*},거다이감쇠,{G-Max}{Dragon}거다이감쇠{3*},超極巨劣化衰變 / 超极巨劣化衰变,{G-Max}{Dragon}超極巨劣化衰變 / 超极巨劣化衰变{3*}
{Grass},{G-Max},Drum Solo,5,5,,,,False,{G-Max}{Grass}Drum Solo{5},G-Max Drum Solo,89bd48,キョダイコランダ,{G-Max}{Grass}キョダイコランダ{5},Percussion G-Max,{G-Max}{Grass}Percussion G-Max{5},Giga-Getrommel,{G-Max}{Grass}Giga-Getrommel{5},Gigarullio,{G-Max}{Grass}Gigarullio{5},Gigarredoble,{G-Max}{Grass}Gigarredoble{5},거다이난타,{G-Max}{Grass}거다이난타{5},超極巨狂擂亂打 / 超极巨狂擂乱打,{G-Max}{Grass}超極巨狂擂亂打 / 超极巨狂擂乱打{5}
{Fairy},{G-Max},Finale,4,4,{W Revival},,,False,{G-Max}{Fairy}Finale{4}{W Revival},G-Max Finale,ffa5cd,キョダイダンエン,{G-Max}{Fairy}キョダイダンエン{4}{W Revival},Cure G-Max,{G-Max}{Fairy}Cure G-Max{4}{W Revival},Giga-Lichtblick,{G-Max}{Fairy}Giga-Lichtblick{4}{W Revival},Gigagranfinale,{G-Max}{Fairy}Gigagranfinale{4}{W Revival},Gigacolofón,{G-Max}{Fairy}Gigacolofón{4}{W Revival},거다이단원,{G-Max}{Fairy}거다이단원{4}{W Revival},超極巨幸福圓滿 / 超极巨幸福圆满,{G-Max}{Fairy}超極巨幸福圓滿 / 超极巨幸福圆满{4}{W Revival}
{Fire},{G-Max},Fireball,5,5,,,,False,{G-Max}{Fire}Fireball{5},G-Max Fireball,ff6464,キョダイカキュウ,{G-Max}{Fire}キョダイカキュウ{5},Pyroball G-Max,{G-Max}{Fire}Pyroball G-Max{5},Giga-Brandball,{G-Max}{Fire}Giga-Brandball{5},Gigafiammopalla,{G-Max}{Fire}Gigafiammopalla{5},Gigaesfera Ígnea,{G-Max}{Fire}Gigaesfera Ígnea{5},거다이화염구,{G-Max}{Fire}거다이화염구{5},超極巨破陣火球 / 超极巨破阵火球,{G-Max}{Fire}超極巨破陣火球 / 超极巨破阵火球{5}
{Water},{G-Max},Foam Burst,4,4,{W Priority},,,False,{G-Max}{Water}Foam Burst{4}{W Priority},G-Max Foam Burst,7ec5e2,キョダイホウマツ,{G-Max}{Water}キョダイホウマツ{4}{W Priority},Bulles G-Max,{G-Max}{Water}Bulles G-Max{4}{W Priority},Giga-Schaumbad,{G-Max}{Water}Giga-Schaumbad{4}{W Priority},Gigaschiuma,{G-Max}{Water}Gigaschiuma{4}{W Priority},Gigaespuma,{G-Max}{Water}Gigaespuma{4}{W Priority},거다이포말,{G-Max}{Water}거다이포말{4}{W Priority},超極巨激漩泡渦 / 超极巨激漩泡涡,{G-Max}{Water}超極巨激漩泡渦 / 超极巨激漩泡涡{4}{W Priority}
{Normal},{G-Max},Gold Rush,3*,3*,{B Conf 1},,,#VALUE!,{G-Max}{Normal}Gold Rush{3*}{B Conf 1},G-Max Gold Rush,efefef,キョダイコバン,{G-Max}{Normal}キョダイコバン{3*}{B Conf 1},Pactole G-Max,{G-Max}{Normal}Pactole G-Max{3*}{B Conf 1},Giga-Münzregen,{G-Max}{Normal}Giga-Münzregen{3*}{B Conf 1},Gigamonete,{G-Max}{Normal}Gigamonete{3*}{B Conf 1},Gigamonedas,{G-Max}{Normal}Gigamonedas{3*}{B Conf 1},거다이금화,{G-Max}{Normal}거다이금화{3*}{B Conf 1},超極巨特大金幣 / 超极巨特大金币,{G-Max}{Normal}超極巨特大金幣 / 超极巨特大金币{3*}{B Conf 1}
{Psychic},{G-Max},Gravitas,4*,4*,,,,#VALUE!,{G-Max}{Psychic}Gravitas{4*},G-Max Gravitas,e274e1,キョダイテンドウ,{G-Max}{Psychic}キョダイテンドウ{4*},Ondes G-Max,{G-Max}{Psychic}Ondes G-Max{4*},Giga-Astrowellen,{G-Max}{Psychic}Giga-Astrowellen{4*},Gigagravitoforza,{G-Max}{Psychic}Gigagravitoforza{4*},Gigabóveda,{G-Max}{Psychic}Gigabóveda{4*},거다이천도,{G-Max}{Psychic}거다이천도{4*},超極巨天道七星 / 超极巨天道七星,{G-Max}{Psychic}超極巨天道七星 / 超极巨天道七星{4*}
{Water},{G-Max},Hydrosnipe,5,5,,,,False,{G-Max}{Water}Hydrosnipe{5},G-Max Hydrosnipe,7ec5e2,キョダイソゲキ,{G-Max}{Water}キョダイソゲキ{5},Gâchette G-Max,{G-Max}{Water}Gâchette G-Max{5},Giga-Schütze,{G-Max}{Water}Giga-Schütze{5},Gigasparomirato,{G-Max}{Water}Gigasparomirato{5},Gigadisparo,{G-Max}{Water}Gigadisparo{5},거다이저격,{G-Max}{Water}거다이저격{5},超極巨狙擊神射 / 超极巨狙击神射,{G-Max}{Water}超極巨狙擊神射 / 超极巨狙击神射{5}
{Poison},{G-Max},Malodor,4,4,{B Pois 1},,,False,{G-Max}{Poison}Malodor{4}{B Pois 1},G-Max Malodor,bc95be,キョダイシュウキ,{G-Max}{Poison}キョダイシュウキ{4}{B Pois 1},Pestilence G-Max,{G-Max}{Poison}Pestilence G-Max{4}{B Pois 1},Giga-Gestank,{G-Max}{Poison}Giga-Gestank{4}{B Pois 1},Gigafetore,{G-Max}{Poison}Gigafetore{4}{B Pois 1},Gigapestilencia,{G-Max}{Poison}Gigapestilencia{4}{B Pois 1},거다이악취,{G-Max}{Poison}거다이악취{4}{B Pois 1},超極巨臭氣沖天 / 超极巨臭气冲天,{G-Max}{Poison}超極巨臭氣沖天 / 超极巨臭气冲天{4}{B Pois 1}
{Steel},{G-Max},Meltdown,4*,4*,,,,#VALUE!,{G-Max}{Steel}Meltdown{4*},G-Max Meltdown,979e9a,キョダイユウゲキ,{G-Max}{Steel}キョダイユウゲキ{4*},Fonte G-Max,{G-Max}{Steel}Fonte G-Max{4*},Giga-Schmelze,{G-Max}{Steel}Giga-Schmelze{4*},Gigaliquefazione,{G-Max}{Steel}Gigaliquefazione{4*},Gigafundido,{G-Max}{Steel}Gigafundido{4*},거다이융격,{G-Max}{Steel}거다이융격{4*},超極巨液金熔擊 / 超极巨液金熔击,{G-Max}{Steel}超極巨液金熔擊 / 超极巨液金熔击{4*}
{Dark},{G-Max},One Blow,4*,4*,,,,#VALUE!,{G-Max}{Dark}One Blow{4*},G-Max One Blow,607c91,キョダイイチゲキ,{G-Max}{Dark}キョダイイチゲキ{4*},Coup Final G-Max,{G-Max}{Dark}Coup Final G-Max{4*},Giga-Einzelhieb,{G-Max}{Dark}Giga-Einzelhieb{4*},Gigasingolcolpo,{G-Max}{Dark}Gigasingolcolpo{4*},Gigagolpe Brusco,{G-Max}{Dark}Gigagolpe Brusco{4*},거다이일격,{G-Max}{Dark}거다이일격{4*},超極巨奪命一擊 / 超极巨夺命一击,{G-Max}{Dark}超極巨奪命一擊 / 超极巨夺命一击{4*}
{Water},{G-Max},Rapid Flow,4*,4*,,,,#VALUE!,{G-Max}{Water}Rapid Flow{4*},G-Max Rapid Flow,7ec5e2,キョダイレンゲキ,{G-Max}{Water}キョダイレンゲキ{4*},Multicoup G-Max,{G-Max}{Water}Multicoup G-Max{4*},Giga-Multihieb,{G-Max}{Water}Giga-Multihieb{4*},Gigapluricolpo,{G-Max}{Water}Gigapluricolpo{4*},Gigagolpe Fluido,{G-Max}{Water}Gigagolpe Fluido{4*},거다이연격,{G-Max}{Water}거다이연격{4*},超極巨流水連擊 / 超极巨流水连击,{G-Max}{Water}超極巨流水連擊 / 超极巨流水连击{4*}
{Normal},{G-Max},Replenish,3*,3*,,,,#VALUE!,{G-Max}{Normal}Replenish{3*},G-Max Replenish,efefef,キョダイサイセイ,{G-Max}{Normal}キョダイサイセイ{3*},Récolte G-Max,{G-Max}{Normal}Récolte G-Max{3*},Giga-Recycling,{G-Max}{Normal}Giga-Recycling{3*},Gigarinnovamento,{G-Max}{Normal}Gigarinnovamento{3*},Gigarreciclaje,{G-Max}{Normal}Gigarreciclaje{3*},거다이재생,{G-Max}{Normal}거다이재생{3*},超極巨資源再生 / 超极巨资源再生,{G-Max}{Normal}超極巨資源再生 / 超极巨资源再生{3*}
{Ice},{G-Max},Resonance,3,3,{B Dis 1},,,False,{G-Max}{Ice}Resonance{3}{B Dis 1},G-Max Resonance,aff1ff,キョダイセンリツ,{G-Max}{Ice}キョダイセンリツ{3}{B Dis 1},Résonance G-Max,{G-Max}{Ice}Résonance G-Max{3}{B Dis 1},Giga-Melodie,{G-Max}{Ice}Giga-Melodie{3}{B Dis 1},Gigamelodia,{G-Max}{Ice}Gigamelodia{3}{B Dis 1},Gigamelodía,{G-Max}{Ice}Gigamelodía{3}{B Dis 1},거다이선율,{G-Max}{Ice}거다이선율{3}{B Dis 1},超極巨極光旋律 / 超极巨极光旋律,{G-Max}{Ice}超極巨極光旋律 / 超极巨极光旋律{3}{B Dis 1}
{Ground},{G-Max d4},Sandblast,3,3,{W Add 4},,,False,{G-Max d4}{Ground}Sandblast{3}{W Add 4},G-Max Sandblast,b8af89,キョダイサジン,{G-Max d4}{Ground}キョダイサジン{3}{W Add 4},Enlisement G-Max,{G-Max d4}{Ground}Enlisement G-Max{3}{W Add 4},Giga-Sandstoß,{G-Max d4}{Ground}Giga-Sandstoß{3}{W Add 4},Gigavortisabbia,{G-Max d4}{Ground}Gigavortisabbia{3}{W Add 4},Gigapolvareda,{G-Max d4}{Ground}Gigapolvareda{3}{W Add 4},거다이사진,{G-Max d4}{Ground}거다이사진{3}{W Add 4},超極巨沙塵漫天 / 超极巨沙尘漫天,{G-Max d4}{Ground}超極巨沙塵漫天 / 超极巨沙尘漫天{3}{W Add 4}
{Fairy},{G-Max},Smite,3,3,{B Conf 1},,,False,{G-Max}{Fairy}Smite{3}{B Conf 1},G-Max Smite,ffa5cd,キョダイテンバツ,{G-Max}{Fairy}キョダイテンバツ{3}{B Conf 1},Sentence G-Max,{G-Max}{Fairy}Sentence G-Max{3}{B Conf 1},Giga-Sanktion,{G-Max}{Fairy}Giga-Sanktion{3}{B Conf 1},Gigacastigo,{G-Max}{Fairy}Gigacastigo{3}{B Conf 1},Gigacastigo,{G-Max}{Fairy}Gigacastigo{3}{B Conf 1},거다이천벌,{G-Max}{Fairy}거다이천벌{3}{B Conf 1},超極巨天譴雷誅 / 超极巨天谴雷诛,{G-Max}{Fairy}超極巨天譴雷誅 / 超极巨天谴雷诛{3}{B Conf 1}
{Dark},{G-Max},Snooze,3,3,{B Sleep 4},,,False,{G-Max}{Dark}Snooze{3}{B Sleep 4},G-Max Snooze,607c91,キョダイスイマ,{G-Max}{Dark}キョダイスイマ{3}{B Sleep 4},Torpeur G-Max,{G-Max}{Dark}Torpeur G-Max{3}{B Sleep 4},Giga-Gähnzwang,{G-Max}{Dark}Giga-Gähnzwang{3}{B Sleep 4},Gigatorpore,{G-Max}{Dark}Gigatorpore{3}{B Sleep 4},Gigasopor,{G-Max}{Dark}Gigasopor{3}{B Sleep 4},거다이수마,{G-Max}{Dark}거다이수마{3}{B Sleep 4},超極巨睡魔降臨 / 超极巨睡魔降临,{G-Max}{Dark}超極巨睡魔降臨 / 超极巨睡魔降临{3}{B Sleep 4}
{Steel},{G-Max},Steelsurge,4,4,{Spikes},,,False,{G-Max}{Steel}Steelsurge{4}{Spikes},G-Max Steelsurge,979e9a,キョダイコウジン,{G-Max}{Steel}キョダイコウジン{4}{Spikes},Percée G-Max,{G-Max}{Steel}Percée G-Max{4}{Spikes},Giga-Stahlschlag,{G-Max}{Steel}Giga-Stahlschlag{4}{Spikes},Gigaferroaculei,{G-Max}{Steel}Gigaferroaculei{4}{Spikes},Gigatrampa Acero,{G-Max}{Steel}Gigatrampa Acero{4}{Spikes},거다이강철진,{G-Max}{Steel}거다이강철진{4}{Spikes},超極巨鋼鐵陣法 / 超极巨钢铁阵法,{G-Max}{Steel}超極巨鋼鐵陣法 / 超极巨钢铁阵法{4}{Spikes}
{Water},{G-Max},Stonesurge,4*,4*,{Stealth Rock},,,#VALUE!,{G-Max}{Water}Stonesurge{4*}{Stealth Rock},G-Max Stonesurge,7ec5e2,キョダイガンジン,{G-Max}{Water}キョダイガンジン{4*}{Stealth Rock},Récif G-Max,{G-Max}{Water}Récif G-Max{4*}{Stealth Rock},Giga-Geröll,{G-Max}{Water}Giga-Geröll{4*}{Stealth Rock},Gigarocciagetto,{G-Max}{Water}Gigarocciagetto{4*}{Stealth Rock},Gigatrampa Rocas,{G-Max}{Water}Gigatrampa Rocas{4*}{Stealth Rock},거다이암진,{G-Max}{Water}거다이암진{4*}{Stealth Rock},超極巨岩陣以待 / 超极巨岩阵以待,{G-Max}{Water}超極巨岩陣以待 / 超极巨岩阵以待{4*}{Stealth Rock}
{Electric},{G-Max},Stun Shock,4*,4*,,,,#VALUE!,{G-Max}{Electric}Stun Shock{4*},G-Max Stun Shock,f7e846,キョダイカンデン,{G-Max}{Electric}キョダイカンデン{4*},Choc G-Max,{G-Max}{Electric}Choc G-Max{4*},Giga-Voltschlag,{G-Max}{Electric}Giga-Voltschlag{4*},Gigatoxiscossa,{G-Max}{Electric}Gigatoxiscossa{4*},Gigadescarga,{G-Max}{Electric}Gigadescarga{4*},거다이감전,{G-Max}{Electric}거다이감전{4*},超極巨異毒電場 / 超极巨异毒电场,{G-Max}{Electric}超極巨異毒電場 / 超极巨异毒电场{4*}
{Grass},{G-Max},Sweetness,4,4,{W Status},,,False,{G-Max}{Grass}Sweetness{4}{W Status},G-Max Sweetness,89bd48,キョダイカンロ,{G-Max}{Grass}キョダイカンロ{4}{W Status},Nectar G-Max,{G-Max}{Grass}Nectar G-Max{4}{W Status},Giga-Nektarflut,{G-Max}{Grass}Giga-Nektarflut{4}{W Status},Gigambrosia,{G-Max}{Grass}Gigambrosia{4}{W Status},Giganéctar,{G-Max}{Grass}Giganéctar{4}{W Status},거다이감로,{G-Max}{Grass}거다이감로{4}{W Status},超極巨瓊漿玉液 / 超极巨琼浆玉液,{G-Max}{Grass}超極巨瓊漿玉液 / 超极巨琼浆玉液{4}{W Status}
{Grass},{G-Max},Tartness,4,4,{W Adv 1},,,False,{G-Max}{Grass}Tartness{4}{W Adv 1},G-Max Tartness,89bd48,キョダイサンゲキ,{G-Max}{Grass}キョダイサンゲキ{4}{W Adv 1},Corrosion G-Max,{G-Max}{Grass}Corrosion G-Max{4}{W Adv 1},Giga-Säureguss,{G-Max}{Grass}Giga-Säureguss{4}{W Adv 1},Gigattaccoacido,{G-Max}{Grass}Gigattaccoacido{4}{W Adv 1},Gigacorrosión,{G-Max}{Grass}Gigacorrosión{4}{W Adv 1},거다이산격,{G-Max}{Grass}거다이산격{4}{W Adv 1},超極巨酸不溜丟 / 超极巨酸不溜丟,{G-Max}{Grass}超極巨酸不溜丟 / 超极巨酸不溜丟{4}{W Adv 1}
{Ghost},{G-Max},Terror,4,4,{B Lock},,,False,{G-Max}{Ghost}Terror{4}{B Lock},G-Max Terror,8184a0,キョダイゲンエイ,{G-Max}{Ghost}キョダイゲンエイ{4}{B Lock},Hantise G-Max,{G-Max}{Ghost}Hantise G-Max{4}{B Lock},Giga-Spuksperre,{G-Max}{Ghost}Giga-Spuksperre{4}{B Lock},Gigaillusione,{G-Max}{Ghost}Gigaillusione{4}{B Lock},Gigaaparición,{G-Max}{Ghost}Gigaaparición{4}{B Lock},거다이환영,{G-Max}{Ghost}거다이환영{4}{B Lock},超極巨幻影幽魂 / 超极巨幻影幽魂,{G-Max}{Ghost}超極巨幻影幽魂 / 超极巨幻影幽魂{4}{B Lock}
{Grass},{G-Max d4},Vine Lash,3,3,{W Add 4},,,False,{G-Max d4}{Grass}Vine Lash{3}{W Add 4},G-Max Vine Lash,89bd48,キョダイベンタツ,{G-Max d4}{Grass}キョダイベンタツ{3}{W Add 4},Fouet G-Max,{G-Max d4}{Grass}Fouet G-Max{3}{W Add 4},Giga-Geißel,{G-Max d4}{Grass}Giga-Geißel{3}{W Add 4},Gigasferzata,{G-Max d4}{Grass}Gigasferzata{3}{W Add 4},Gigalianas,{G-Max d4}{Grass}Gigalianas{3}{W Add 4},거다이편달,{G-Max d4}{Grass}거다이편달{3}{W Add 4},超極巨灰飛鞭滅 / 超极巨灰飞鞭灭,{G-Max d4}{Grass}超極巨灰飛鞭滅 / 超极巨灰飞鞭灭{3}{W Add 4}
{Rock},{G-Max d4},Volcalith,4,4,{W Add 4},,,False,{G-Max d4}{Rock}Volcalith{4}{W Add 4},G-Max Volcalith,aeaeae,キョダイフンセキ,{G-Max d4}{Rock}キョダイフンセキ{4}{W Add 4},Téphra G-Max,{G-Max d4}{Rock}Téphra G-Max{4}{W Add 4},Giga-Schlacke,{G-Max d4}{Rock}Giga-Schlacke{4}{W Add 4},Gigalapilli,{G-Max d4}{Rock}Gigalapilli{4}{W Add 4},Gigarroca Ígnea,{G-Max d4}{Rock}Gigarroca Ígnea{4}{W Add 4},거다이분석,{G-Max d4}{Rock}거다이분석{4}{W Add 4},超極巨炎石噴發 / 超极巨炎石喷发,{G-Max d4}{Rock}超極巨炎石噴發 / 超极巨炎石喷发{4}{W Add 4}
{Electric},{G-Max},Volt Crash,3,3,{B Para 1},,,False,{G-Max}{Electric}Volt Crash{3}{B Para 1},G-Max Volt Crash,f7e846,キョダイバンライ,{G-Max}{Electric}キョダイバンライ{3}{B Para 1},Foudre G-Max,{G-Max}{Electric}Foudre G-Max{3}{B Para 1},Giga-Blitzhagel,{G-Max}{Electric}Giga-Blitzhagel{3}{B Para 1},Gigapikafolgori,{G-Max}{Electric}Gigapikafolgori{3}{B Para 1},Gigatronada,{G-Max}{Electric}Gigatronada{3}{B Para 1},거다이만뢰,{G-Max}{Electric}거다이만뢰{3}{B Para 1},超極巨萬雷轟頂 / 超极巨万雷轰顶,{G-Max}{Electric}超極巨萬雷轟頂 / 超极巨万雷轰顶{3}{B Para 1}
{Fire},{G-Max d4},Wildfire,3,3,{W Add 4},,,False,{G-Max d4}{Fire}Wildfire{3}{W Add 4},G-Max Wildfire,ff6464,キョダイゴクエン,{G-Max d4}{Fire}キョダイゴクエン{3}{W Add 4},Fournaise G-Max,{G-Max d4}{Fire}Fournaise G-Max{3}{W Add 4},Giga-Feuerflug,{G-Max d4}{Fire}Giga-Feuerflug{3}{W Add 4},Gigavampa,{G-Max d4}{Fire}Gigavampa{3}{W Add 4},Gigallamarada,{G-Max d4}{Fire}Gigallamarada{3}{W Add 4},거다이옥염,{G-Max d4}{Fire}거다이옥염{3}{W Add 4},超極巨地獄滅焰 / 超极巨地狱灭焰,{G-Max d4}{Fire}超極巨地獄滅焰 / 超极巨地狱灭焰{3}{W Add 4}
{Flying},{G-Max},Wind Rage,4*,4*,{Clear},,,#VALUE!,{G-Max}{Flying}Wind Rage{4*}{Clear},G-Max Wind Rage,cccccc,キョダイフウゲキ,{G-Max}{Flying}キョダイフウゲキ{4*}{Clear},Rafale G-Max,{G-Max}{Flying}Rafale G-Max{4*}{Clear},Giga-Sturmstoß,{G-Max}{Flying}Giga-Sturmstoß{4*}{Clear},Gigaciclone,{G-Max}{Flying}Gigaciclone{4*}{Clear},Gigahuracán,{G-Max}{Flying}Gigahuracán{4*}{Clear},거다이풍격,{G-Max}{Flying}거다이풍격{4*}{Clear},超極巨旋風襲捲 / 超极巨旋风袭卷,{G-Max}{Flying}超極巨旋風襲捲 / 超极巨旋风袭卷{4*}{Clear}