"#001","Bisasam","1","Grass","Poison","/Users/isaaksutton/Pictures/PMTU/Templates/Moves/Move PNGs/Vine Whip (S)","/Users/isaaksutton/Pictures/PMTU/Templates/Moves/Move PNGs/Tackle","Nach der Geburt nimmt es für eine Weile Nährstoffe über den Samen auf seinem Rücken auf."
"#002","Bisaknosp","3","Grass","Poison","/Users/isaaksutton/Pictures/PMTU/Templates/Moves/Move PNGs/Sleep Powder","/Users/isaaksutton/Pictures/PMTU/Templates/Moves/Move PNGs/Take Down","Die Sonne macht es stärker. Die Knospe auf seinem Rücken wächst unter dem Einfluss von Sonnenlicht."
"#003","Bisaflor","5","Grass","Poison","/Users/isaaksutton/Pictures/PMTU/Templates/Moves/Move PNGs/Double-Edge","/Users/isaaksutton/Pictures/PMTU/Templates/Moves/Move PNGs/Solar Beam (S)","Die Blume verströmt einen zauberhaften Duft. Er beschwichtigt erhitzte Kämpfer."
"#003-gi","{G-Max}Bisaflor","5","Grass","Poison","/Users/isaaksutton/Pictures/PMTU/Templates/Moves/Move PNGs/G-Max Vine Lash","/Users/isaaksutton/Pictures/PMTU/Templates/Moves/Move PNGs/Max Strike 4","Die Blume verströmt einen zauberhaften Duft. Er beschwichtigt erhitzte Kämpfer."
"#003-m","{Mega}Bisaflor","6","Grass","Poison","/Users/isaaksutton/Pictures/PMTU/Templates/Moves/Move PNGs/Sludge Bomb (S)","/Users/isaaksutton/Pictures/PMTU/Templates/Moves/Move PNGs/Petal Blizzard (S)","Die Blume verströmt einen zauberhaften Duft. Er beschwichtigt erhitzte Kämpfer."
"#004","Glumanda","1","Fire","-","/Users/isaaksutton/Pictures/PMTU/Templates/Moves/Move PNGs/Ember (S)","/Users/isaaksutton/Pictures/PMTU/Templates/Moves/Move PNGs/Scratch","Von Geburt an brennt die Flamme auf seiner Schwanzspitze. Sobald sie verglimmt, erlischt auch sein Lebenslicht."
"#005","Glutexo","3","Fire","-","/Users/isaaksutton/Pictures/PMTU/Templates/Moves/Move PNGs/Fire Spin (S)","/Users/isaaksutton/Pictures/PMTU/Templates/Moves/Move PNGs/Slash","Steigert es sich in einen Kampf hinein, spuckt es Flammen, die alles in seiner Umgebung niederbrennen."
"#006","Glurak","5","Fire","Flying","/Users/isaaksutton/Pictures/PMTU/Templates/Moves/Move PNGs/Flamethrower (S)","/Users/isaaksutton/Pictures/PMTU/Templates/Moves/Move PNGs/Air Slash (S)","Dieses Pokémon kann mit seinen Flügeln eine Höhe von bis zu 1400 m erreichen. Es spuckt sehr heißes Feuer."
"#006-gi","{G-Max}Glurak","5","Fire","Flying","/Users/isaaksutton/Pictures/PMTU/Templates/Moves/Move PNGs/G-Max Wildfire","/Users/isaaksutton/Pictures/PMTU/Templates/Moves/Move PNGs/Max Airstream 4","Dieses Pokémon kann mit seinen Flügeln eine Höhe von bis zu 1400 m erreichen. Es spuckt sehr heißes Feuer."
"#006-mx","{Mega}Glurak X","6","Fire","Dragon","/Users/isaaksutton/Pictures/PMTU/Templates/Moves/Move PNGs/Dragon Claw (S)","/Users/isaaksutton/Pictures/PMTU/Templates/Moves/Move PNGs/Inferno (S)","Dieses Pokémon kann mit seinen Flügeln eine Höhe von bis zu 1400 m erreichen. Es spuckt sehr heißes Feuer."
"#006-my","{Mega}Glurak Y","6","Fire","Flying","/Users/isaaksutton/Pictures/PMTU/Templates/Moves/Move PNGs/Air Cutter (S)","/Users/isaaksutton/Pictures/PMTU/Templates/Moves/Move PNGs/Inferno (S)","Dieses Pokémon kann mit seinen Flügeln eine Höhe von bis zu 1400 m erreichen. Es spuckt sehr heißes Feuer."
"#007","Schiggy","1","Water","-","/Users/isaaksutton/Pictures/PMTU/Templates/Moves/Move PNGs/Bubble (S)","/Users/isaaksutton/Pictures/PMTU/Templates/Moves/Move PNGs/Tackle","Fühlt es sich bedroht, verkriecht es sich in seinen Panzer und spuckt Wasser aus seinem Maul."
"#008","Schillok","3","Water","-","/Users/isaaksutton/Pictures/PMTU/Templates/Moves/Move PNGs/Water Gun (S)","/Users/isaaksutton/Pictures/PMTU/Templates/Moves/Move PNGs/Bite","Es balanciert geschickt mit seinen buschigen Ohren und dem Schweif, während es im Wasser schwimmt."
"#009","Turtok","5","Water","-","/Users/isaaksutton/Pictures/PMTU/Templates/Moves/Move PNGs/Flash Cannon","/Users/isaaksutton/Pictures/PMTU/Templates/Moves/Move PNGs/Hydro Pump (S)","Die Wassersalven, die es mit den Wasserdüsen in seinem Panzer abfeuert, durchdringen sogar dicke Stahlwände."
"#009-gi","{G-Max}Turtok","5","Water","-","/Users/isaaksutton/Pictures/PMTU/Templates/Moves/Move PNGs/G-Max Cannonade","/Users/isaaksutton/Pictures/PMTU/Templates/Moves/Move PNGs/Max Steelspike 3","Die Wassersalven, die es mit den Wasserdüsen in seinem Panzer abfeuert, durchdringen sogar dicke Stahlwände."
"#009-m","{Mega}Turtok","6","Water","-","/Users/isaaksutton/Pictures/PMTU/Templates/Moves/Move PNGs/Skull Bash","/Users/isaaksutton/Pictures/PMTU/Templates/Moves/Move PNGs/Scald (S)","Die Wassersalven, die es mit den Wasserdüsen in seinem Panzer abfeuert, durchdringen sogar dicke Stahlwände."
"#010","Raupy","1","Bug","-","/Users/isaaksutton/Pictures/PMTU/Templates/Moves/Move PNGs/String Shot","/Users/isaaksutton/Pictures/PMTU/Templates/Moves/Move PNGs/Tackle","Es hat Saugnäpfe an den Beinchen, mit denen es mühelos Steigungen und Mauern erklimmen kann."
"#011","Safcon","2","Bug","-","/Users/isaaksutton/Pictures/PMTU/Templates/Moves/Move PNGs/Harden","/Users/isaaksutton/Pictures/PMTU/Templates/Moves/Move PNGs/Tackle","In seiner harten Schale ist ein weicher Körper. Einem brutalen Angriff hat es nichts entgegenzusetzen."
"#012","Smettbo","3","Bug","Flying","/Users/isaaksutton/Pictures/PMTU/Templates/Moves/Move PNGs/Psybeam","/Users/isaaksutton/Pictures/PMTU/Templates/Moves/Move PNGs/Gust (S)","Es sammelt täglich Honig. Es reibt ihn in seine Beinhaare, um ihn in sein Nest zu transportieren."
"#012-gi","{G-Max}Smettbo","3","Bug","Flying","/Users/isaaksutton/Pictures/PMTU/Templates/Moves/Move PNGs/G-Max Befuddle","/Users/isaaksutton/Pictures/PMTU/Templates/Moves/Move PNGs/Max Airstream 3","Es sammelt täglich Honig. Es reibt ihn in seine Beinhaare, um ihn in sein Nest zu transportieren."
"#013","Hornliu","1","Bug","Poison","/Users/isaaksutton/Pictures/PMTU/Templates/Moves/Move PNGs/Poison Sting","/Users/isaaksutton/Pictures/PMTU/Templates/Moves/Move PNGs/String Shot","Auf seinem Kopf befindet sich ein spitzer Stachel. Es versteckt sich im hohen Gras sowie in Wäldern und frisst eifrig Blätter."
"#014","Kokuna","2","Bug","Poison","/Users/isaaksutton/Pictures/PMTU/Templates/Moves/Move PNGs/Poison Sting","/Users/isaaksutton/Pictures/PMTU/Templates/Moves/Move PNGs/Harden","Obwohl es sich kaum bewegen kann, ist es bei Gefahr in der Lage, einen Stachel auszufahren, mit dem es seine Gegner vergiftet."
"#015","Bibor","3","Bug","Poison","/Users/isaaksutton/Pictures/PMTU/Templates/Moves/Move PNGs/Twineedle (S)","/Users/isaaksutton/Pictures/PMTU/Templates/Moves/Move PNGs/Rage","Es verfügt über insgesamt drei Giftstachel, zwei an den Armen und einen am Hinterleib, mit denen es seine Gegner wiederholt angreift."
"#015-m","{Mega}Bibor","4","Bug","Poison","/Users/isaaksutton/Pictures/PMTU/Templates/Moves/Move PNGs/Poison Jab (S)","/Users/isaaksutton/Pictures/PMTU/Templates/Moves/Move PNGs/X-Scissor (S)","Es verfügt über insgesamt drei Giftstachel, zwei an den Armen und einen am Hinterleib, mit denen es seine Gegner wiederholt angreift."
"#016","Taubsi","1","Flying","Normal","/Users/isaaksutton/Pictures/PMTU/Templates/Moves/Move PNGs/Quick Attack (S)","/Users/isaaksutton/Pictures/PMTU/Templates/Moves/Move PNGs/Sand Attack","Ein sanftmütiges Pokémon, welches lieber Sand zum Schutz aufwirbelt, als zurückzuschlagen."
"#017","Tauboga","3","Flying","Normal","/Users/isaaksutton/Pictures/PMTU/Templates/Moves/Move PNGs/Wing Attack (S)","/Users/isaaksutton/Pictures/PMTU/Templates/Moves/Move PNGs/Twister","Dieses kraftvolle Pokémon wacht unermüdlich über sein riesiges Territorium und fliegt weite Strecken auf der Suche nach Beute."
"#018","Tauboss","5","Flying","Normal","/Users/isaaksutton/Pictures/PMTU/Templates/Moves/Move PNGs/Hurricane (S)","/Users/isaaksutton/Pictures/PMTU/Templates/Moves/Move PNGs/Facade (S)","Auf der Jagd nach Beute fliegt es mit einer Geschwindigkeit von bis zu Mach 2. Seine mächtigen Klauen gelten als gefürchtete Waffen."
"#018-m","{Mega}Tauboss","6","Flying","Normal","/Users/isaaksutton/Pictures/PMTU/Templates/Moves/Move PNGs/Steel Wing","/Users/isaaksutton/Pictures/PMTU/Templates/Moves/Move PNGs/Aerial Ace (S)","Auf der Jagd nach Beute fliegt es mit einer Geschwindigkeit von bis zu Mach 2. Seine mächtigen Klauen gelten als gefürchtete Waffen."
"#019","Rattfratz","1","Normal","-","/Users/isaaksutton/Pictures/PMTU/Templates/Moves/Move PNGs/Quick Attack (S)","/Users/isaaksutton/Pictures/PMTU/Templates/Moves/Move PNGs/Tail Whip","Es knabbert mit seinen zwei Nagezähnen alles und jeden an. Stößt man auf eines, findet man sicherlich 40 weitere in der Gegend."
"#020","Rattikarl","3","Normal","-","/Users/isaaksutton/Pictures/PMTU/Templates/Moves/Move PNGs/Hyper Fang (S)","/Users/isaaksutton/Pictures/PMTU/Templates/Moves/Move PNGs/Super Fang","Die Hinterbeine dieses Pokémon verfügen über kleine Schwimmhäute. So kann es in Flüssen jagen."
"#021","Habitak","1","Flying","Normal","/Users/isaaksutton/Pictures/PMTU/Templates/Moves/Move PNGs/Leer","/Users/isaaksutton/Pictures/PMTU/Templates/Moves/Move PNGs/Peck (S)","In großen Höhen fällt ihm das Fliegen schwer. Allerdings kann es pfeilschnell umherflitzen, wenn es um den Schutz seines Habitats geht."
"#022","Ibitak","3","Flying","Normal","/Users/isaaksutton/Pictures/PMTU/Templates/Moves/Move PNGs/Mirror Move","/Users/isaaksutton/Pictures/PMTU/Templates/Moves/Move PNGs/Drill Peck (S)","Dieses Pokémon gehört einer sehr alten Spezies an. Wittert es Gefahr, so fliegt es sofort in große Höhen davon."
"#023","Rettan","1","Poison","-","/Users/isaaksutton/Pictures/PMTU/Templates/Moves/Move PNGs/Wrap","/Users/isaaksutton/Pictures/PMTU/Templates/Moves/Move PNGs/Leer","Mit dem Alter wird der Körper dieses Pokémon immer länger. Nachts wickelt es sich um Äste, um zu ruhen."
"#024","Arbok","3","Poison","-","/Users/isaaksutton/Pictures/PMTU/Templates/Moves/Move PNGs/Acid (S)","/Users/isaaksutton/Pictures/PMTU/Templates/Moves/Move PNGs/Bite","Von dem furchterregenden Muster auf seinem Bauch wurden durch Studien bislang sechs verschiedene Varianten entdeckt."
"#025","Pikachu","1","Electric","-","/Users/isaaksutton/Pictures/PMTU/Templates/Moves/Move PNGs/Thunder Shock (S)","/Users/isaaksutton/Pictures/PMTU/Templates/Moves/Move PNGs/Growl","Pikachu begrüßen einander, indem sie ihre Schweife aneinanderreiben und eine Ladung Strom durch diese gleiten lassen."
"#025-gi","{G-Max}Pikachu","1","Electric","-","/Users/isaaksutton/Pictures/PMTU/Templates/Moves/Move PNGs/G-Max Volt Crash","/Users/isaaksutton/Pictures/PMTU/Templates/Moves/Move PNGs/Max Guard","Pikachu begrüßen einander, indem sie ihre Schweife aneinanderreiben und eine Ladung Strom durch diese gleiten lassen."
"#026","Raichu","3","Electric","-","/Users/isaaksutton/Pictures/PMTU/Templates/Moves/Move PNGs/Volt Tackle (S)","/Users/isaaksutton/Pictures/PMTU/Templates/Moves/Move PNGs/Iron Tail","Wenn der in seinen Backentaschen gespeicherte Strom leer ist, stellt es seinen Schweif auf, um Elektrizität aus der Luft zu ziehen."
"#026-mx","{Mega}Raichu X","4","Electric","-","/Users/isaaksutton/Pictures/PMTU/Templates/Moves/Move PNGs/Thunder Punch (S)","/Users/isaaksutton/Pictures/PMTU/Templates/Moves/Move PNGs/Brick Break","Wenn der in seinen Backentaschen gespeicherte Strom leer ist, stellt es seinen Schweif auf, um Elektrizität aus der Luft zu ziehen."
"#026-my","{Mega}Raichu Y","4","Electric","-","/Users/isaaksutton/Pictures/PMTU/Templates/Moves/Move PNGs/Thunderbolt (S)","/Users/isaaksutton/Pictures/PMTU/Templates/Moves/Move PNGs/Play Rough","Wenn der in seinen Backentaschen gespeicherte Strom leer ist, stellt es seinen Schweif auf, um Elektrizität aus der Luft zu ziehen."
"#027","Sandan","1","Ground","-","/Users/isaaksutton/Pictures/PMTU/Templates/Moves/Move PNGs/Sand Attack","/Users/isaaksutton/Pictures/PMTU/Templates/Moves/Move PNGs/Rapid Spin","Es gräbt sich seinen Bau im Erdboden. Stößt es dabei auf harte Steine, zerstört es diese mit seinen scharfen Krallen und gräbt unbeirrt weiter."
"#028","Sandamer","3","Ground","-","/Users/isaaksutton/Pictures/PMTU/Templates/Moves/Move PNGs/Slash","/Users/isaaksutton/Pictures/PMTU/Templates/Moves/Move PNGs/Dig (S)","Mit seinen scharfen Krallen klettert es auf Bäume und wirft unten wartenden Sandan Beeren zu, die sie sich dann teilen."
"#029","Nidoran{Female}","1","Poison","-","/Users/isaaksutton/Pictures/PMTU/Templates/Moves/Move PNGs/Poison Sting","/Users/isaaksutton/Pictures/PMTU/Templates/Moves/Move PNGs/Growl","Mit ihren harten Vorderzähnen zerteilen sie Beeren, bevor sie diese essen. Die Spitze ihres Horns ist etwas abgerundeter als bei Männchen."
"#030","Nidorina","3","Poison","-","/Users/isaaksutton/Pictures/PMTU/Templates/Moves/Move PNGs/Toxic Spikes","/Users/isaaksutton/Pictures/PMTU/Templates/Moves/Move PNGs/Bite","Man geht davon aus, dass sich das Horn auf ihrem Kopf zurückgebildet hat, damit sie ihre Jungen nicht beim Füttern verletzen."
"#031","Nidoqueen","5","Poison","Ground","/Users/isaaksutton/Pictures/PMTU/Templates/Moves/Move PNGs/Earth Power (S)","/Users/isaaksutton/Pictures/PMTU/Templates/Moves/Move PNGs/Superpower","Es beruhigt seine Jungen, indem es diese zwischen den Stacheln auf seinem Rücken reiten lässt. Die Stacheln sondern derweil kein Gift ab."
"#032","Nidoran{Male}","1","Poison","-","/Users/isaaksutton/Pictures/PMTU/Templates/Moves/Move PNGs/Tackle","/Users/isaaksutton/Pictures/PMTU/Templates/Moves/Move PNGs/Peck","Trotz seiner geringen Größe ist es sehr mutig. Um ein befreundetes Weibchen zu beschützen, riskiert es sein Leben und kämpft unerschrocken."
"#033","Nidorino","3","Poison","-","/Users/isaaksutton/Pictures/PMTU/Templates/Moves/Move PNGs/Double Kick","/Users/isaaksutton/Pictures/PMTU/Templates/Moves/Move PNGs/Horn Attack","Es ist nervös und wird schnell aggressiv. Steigt sein Adrenalinspiegel, erhöht sich gleichzeitig auch die Konzentration seines Gifts."
"#034","Nidoking","5","Poison","Ground","/Users/isaaksutton/Pictures/PMTU/Templates/Moves/Move PNGs/Poison Jab (S)","/Users/isaaksutton/Pictures/PMTU/Templates/Moves/Move PNGs/Megahorn","Nidoking ist stolz auf seine Kraft und kämpft sehr geschickt mit seinem dicken Schweif und seinem Horn, das selbst Diamanten zertrümmern kann."
"#035","Piepi","2","Fairy","-","/Users/isaaksutton/Pictures/PMTU/Templates/Moves/Move PNGs/Moonlight","/Users/isaaksutton/Pictures/PMTU/Templates/Moves/Move PNGs/Sing","Aufgrund seines reizenden Wesens und seines Rufes erfreut sich dieses Pokémon großer Beliebtheit. Leider ist es auch sehr selten."
"#036","Pixi","3","Fairy","-","/Users/isaaksutton/Pictures/PMTU/Templates/Moves/Move PNGs/Disarming Voice (S)","/Users/isaaksutton/Pictures/PMTU/Templates/Moves/Move PNGs/Metronome","Ihr Gehör erfasst das Geräusch einer fallenden Nadel noch aus 1 km Entfernung. Sie bevorzugen daher ruhige Orte."
"#036-m","{Mega}Pixi","4","Fairy","Flying","/Users/isaaksutton/Pictures/PMTU/Templates/Moves/Move PNGs/Moonblast (S)","/Users/isaaksutton/Pictures/PMTU/Templates/Moves/Move PNGs/Air Slash (S)","Ihr Gehör erfasst das Geräusch einer fallenden Nadel noch aus 1 km Entfernung. Sie bevorzugen daher ruhige Orte."
"#037","Vulpix","2","Fire","-","/Users/isaaksutton/Pictures/PMTU/Templates/Moves/Move PNGs/Quick Attack","/Users/isaaksutton/Pictures/PMTU/Templates/Moves/Move PNGs/Ember (S)","Sein Fell wird geschmeidiger, wenn seine sechs Schweife wachsen. Wenn man das Fell berührt, fühlt es sich leicht warm an."
"#038","Vulnona","5","Fire","-","/Users/isaaksutton/Pictures/PMTU/Templates/Moves/Move PNGs/Safeguard","/Users/isaaksutton/Pictures/PMTU/Templates/Moves/Move PNGs/Inferno (S)","Dieses Pokémon ist intelligent, aber rachsüchtig. Wer zum Spaß einen seiner Schweife ergreift, kann sich einen tausendjährigen Fluch einhandeln."
"#039","Pummeluff","1","Normal","Fairy","/Users/isaaksutton/Pictures/PMTU/Templates/Moves/Move PNGs/Charm","/Users/isaaksutton/Pictures/PMTU/Templates/Moves/Move PNGs/Sing","Es kann die Tonlage seiner Stimme beliebig variieren, um eine mysteriöse Melodie zu singen, die jeden in Schlaf versetzt, der sie hört."
"#040","Knuddeluff","4","Normal","Fairy","/Users/isaaksutton/Pictures/PMTU/Templates/Moves/Move PNGs/Play Rough (S)","/Users/isaaksutton/Pictures/PMTU/Templates/Moves/Move PNGs/Body Slam (S)","Knuddeluffs weiches Fell ist sein ganzer Stolz. Besonders die Locke auf seiner Stirn fühlt sich herrlich an."
"#041","Zubat","1","Poison","Flying","/Users/isaaksutton/Pictures/PMTU/Templates/Moves/Move PNGs/Supersonic","/Users/isaaksutton/Pictures/PMTU/Templates/Moves/Move PNGs/Bite","Zubat leben tief in Höhlen, wo das Sonnenlicht sie nicht erreicht. Bei Tagesanbruch rücken sie zusammen, um sich im Schlaf zu wärmen."
"#042","Golbat","3","Poison","Flying","/Users/isaaksutton/Pictures/PMTU/Templates/Moves/Move PNGs/Leech Life","/Users/isaaksutton/Pictures/PMTU/Templates/Moves/Move PNGs/Screech","Golbat kann trotz seiner kleinen Beine geschickt laufen. Es schleicht sich an schlafende Beute an, stößt seine Zähne in sie und schlürft ihr Blut."
"#043","Myrapla","2","Grass","Poison","/Users/isaaksutton/Pictures/PMTU/Templates/Moves/Move PNGs/Poison Powder","/Users/isaaksutton/Pictures/PMTU/Templates/Moves/Move PNGs/Absorb","Tagsüber versteckt es sich in der kalten Erde, um die Sonne zu meiden. Es wächst im Mondschein."
"#044","Duflor","3","Grass","Poison","/Users/isaaksutton/Pictures/PMTU/Templates/Moves/Move PNGs/Stun Spore","/Users/isaaksutton/Pictures/PMTU/Templates/Moves/Move PNGs/Acid (S)","Was wie Speichel aussieht, ist eigentlich Honig. Er ist sehr klebrig und wenn man ihn berührt, bekommt man ihn nicht mehr ab."
"#045","Giflor","4","Grass","Poison","/Users/isaaksutton/Pictures/PMTU/Templates/Moves/Move PNGs/Sludge Bomb (S)","/Users/isaaksutton/Pictures/PMTU/Templates/Moves/Move PNGs/Solar Beam (S)","Je größer die Blütenblätter, desto mehr giftige Pollen enthält die Blüte. Aber es ist auch umso erschöpfter, da sein Kopf so schwer wird."
"#046","Paras","2","Bug","Grass","/Users/isaaksutton/Pictures/PMTU/Templates/Moves/Move PNGs/Stun Spore","/Users/isaaksutton/Pictures/PMTU/Templates/Moves/Move PNGs/Scratch","Es gräbt sich in den Boden, um Baumwurzeln Nährstoffe zu entziehen. Den Großteil davon absorbieren jedoch die Pilze auf seinem Rücken."
"#047","Parasek","3","Bug","Grass","/Users/isaaksutton/Pictures/PMTU/Templates/Moves/Move PNGs/Spore","/Users/isaaksutton/Pictures/PMTU/Templates/Moves/Move PNGs/Slash","Der Pilz auf Paraseks Rücken nutzt das Pokémon als Wirt und entzieht ihm Energie. Es scheint, als habe er die Kontrolle über das Pokémon."
"#048","Bluzuk","3","Bug","Poison","/Users/isaaksutton/Pictures/PMTU/Templates/Moves/Move PNGs/Poison Fang (S)","/Users/isaaksutton/Pictures/PMTU/Templates/Moves/Move PNGs/Stun Spore","Seine großen Augen fungieren als Radar. Im Licht kann man erkennen, dass sie aus unzähligen, sehr kleinen Augen bestehen."
"#049","Omot","4","Bug","Poison","/Users/isaaksutton/Pictures/PMTU/Templates/Moves/Move PNGs/Psybeam","/Users/isaaksutton/Pictures/PMTU/Templates/Moves/Move PNGs/Leech Life (S)","Berührt man die staubartigen Schuppen auf seinen Flügeln, heften diese sich hartnäckig am Körper an und sondern darüber hinaus Gift ab."
"#050","Digda","2","Ground","-","/Users/isaaksutton/Pictures/PMTU/Templates/Moves/Move PNGs/Sand Tomb (S)","/Users/isaaksutton/Pictures/PMTU/Templates/Moves/Move PNGs/Scratch","Es gräbt sich in geringer Tiefe durch den Erdboden. Da es dabei durchwühlte Erde an der Oberfläche hinterlässt, ist es leicht zu finden."
"#051","Digdri","4","Ground","-","/Users/isaaksutton/Pictures/PMTU/Templates/Moves/Move PNGs/Fissure","/Users/isaaksutton/Pictures/PMTU/Templates/Moves/Move PNGs/Dig (S)","Diese kraftvollen Digda-Drillinge graben bis zu 100 km tief. Keiner weiß, wie sie unter der Erde aussehen."
"#052","Mauzi","2","Normal","-","/Users/isaaksutton/Pictures/PMTU/Templates/Moves/Move PNGs/Pay Day (S)","/Users/isaaksutton/Pictures/PMTU/Templates/Moves/Move PNGs/Bite","Es wäscht sich regelmäßig das Gesicht, um die Münze auf seiner Stirn sauber zu halten. Es hat kein gutes Verhältnis zu den Mauzi aus Galar."
"#052-gi","{G-Max}Mauzi","2","Normal","-","/Users/isaaksutton/Pictures/PMTU/Templates/Moves/Move PNGs/G-Max Gold Rush","/Users/isaaksutton/Pictures/PMTU/Templates/Moves/Move PNGs/Max Darkness 3","Es wäscht sich regelmäßig das Gesicht, um die Münze auf seiner Stirn sauber zu halten. Es hat kein gutes Verhältnis zu den Mauzi aus Galar."
"#053","Snobilikat","4","Normal","-","/Users/isaaksutton/Pictures/PMTU/Templates/Moves/Move PNGs/Power Gem","/Users/isaaksutton/Pictures/PMTU/Templates/Moves/Move PNGs/Slash (S)","Sein Auftreten ist anmutig und elegant. Es kommt mit Mauzingers grober Art nicht zurecht. Beide Arten strafen sich gegenseitig mit Verachtung."
"#054","Enton","2","Water","-","/Users/isaaksutton/Pictures/PMTU/Templates/Moves/Move PNGs/Fury Swipes","/Users/isaaksutton/Pictures/PMTU/Templates/Moves/Move PNGs/Disable","Wenn es sehr gestresst ist, verstärken sich seine Kopfschmerzen. Mit seinen Psycho-Kräften kann es alles in der Umgebung überwältigen."
"#055","Entoron","5","Water","-","/Users/isaaksutton/Pictures/PMTU/Templates/Moves/Move PNGs/Zen Headbutt","/Users/isaaksutton/Pictures/PMTU/Templates/Moves/Move PNGs/Aqua Tail (S)","Alten Legenden zufolge werden jene Menschen, die es wagen, seinen Fluss zu verschmutzen, von Entoron ins Wasser gezerrt und entführt."
"#056","Menki","2","Fighting","-","/Users/isaaksutton/Pictures/PMTU/Templates/Moves/Move PNGs/Low Kick (S)","/Users/isaaksutton/Pictures/PMTU/Templates/Moves/Move PNGs/Swagger","Es ist sehr agil und lebt auf Bäumen. Aufgrund seiner hitzköpfigen Natur wird es schnell wütend, was dazu führt, dass es alles und jeden angreift."
"#057","Rasaff","4","Fighting","-","/Users/isaaksutton/Pictures/PMTU/Templates/Moves/Move PNGs/Seismic Toss","/Users/isaaksutton/Pictures/PMTU/Templates/Moves/Move PNGs/Thrash","Es hört lediglich dann auf zu toben, wenn niemand in der Nähe ist. Diesen Anblick zu Gesicht zu bekommen, ist daher nicht einfach."
"#058","Fukano","2","Fire","-","/Users/isaaksutton/Pictures/PMTU/Templates/Moves/Move PNGs/Ember (S)","/Users/isaaksutton/Pictures/PMTU/Templates/Moves/Move PNGs/Roar","Es ist sehr loyal und bellt jeden Gegner furchtlos an, um seinen Trainer vor Schaden zu bewahren."
"#059","Arkani","5","Fire","-","/Users/isaaksutton/Pictures/PMTU/Templates/Moves/Move PNGs/Extreme Speed","/Users/isaaksutton/Pictures/PMTU/Templates/Moves/Move PNGs/Flare Blitz (S)","Dieses Pokémon verzaubert die Menschen seit Urzeiten mit seiner Schönheit. Obendrein ist es schnell und sehr wendig."
"#060","Quapsel","2","Water","-","/Users/isaaksutton/Pictures/PMTU/Templates/Moves/Move PNGs/Hypnosis","/Users/isaaksutton/Pictures/PMTU/Templates/Moves/Move PNGs/Mud Shot","In schnell fließenden Flüssen hält es sich mithilfe seiner dicken Lippen, die als Saugnapf fungieren, an Felsen fest."
"#061","Quaputzi","4","Water","-","/Users/isaaksutton/Pictures/PMTU/Templates/Moves/Move PNGs/Body Slam","/Users/isaaksutton/Pictures/PMTU/Templates/Moves/Move PNGs/Bubble Beam (S)","Quaputzi schwitzt glitschigen Schleim, dank dem es leicht der Umklammerung eines Feindes entkommen kann."
"#062","Quappo","6","Water","Fighting","/Users/isaaksutton/Pictures/PMTU/Templates/Moves/Move PNGs/Dynamic Punch (S)","/Users/isaaksutton/Pictures/PMTU/Templates/Moves/Move PNGs/Muddy Water (S)","Es ist sowohl ein begnadeter Schwimmer als auch Kampfsportler. Mit seinen durchtrainierten Armen teilt es kräftige Schläge aus."
"#063","Abra","2","Psychic","-","/Users/isaaksutton/Pictures/PMTU/Templates/Moves/Move PNGs/Teleport","/Users/isaaksutton/Pictures/PMTU/Templates/Moves/Move PNGs/-","Es kann sich im Schlaf teleportieren. Je tiefer Abra schläft, desto weiter entfernt soll der Ort sein, an den es sich teleportiert."
"#064","Kadabra","3","Psychic","-","/Users/isaaksutton/Pictures/PMTU/Templates/Moves/Move PNGs/Psybeam (S)","/Users/isaaksutton/Pictures/PMTU/Templates/Moves/Move PNGs/Recover","Kadabra verfügt über enorme psychokinetische Macht. Als Vorbereitung für seine Entwicklung speichert es im Stern auf der Stirn Psycho-Kräfte."
"#065","Simsala","5","Psychic","-","/Users/isaaksutton/Pictures/PMTU/Templates/Moves/Move PNGs/Future Sight (S)","/Users/isaaksutton/Pictures/PMTU/Templates/Moves/Move PNGs/Tri Attack","Simsala verfügt über extrem starke Psycho-Kräfte. Mit ihnen soll es die Löffel erschaffen haben, die es in seinen Händen hält."
"#065-m","{Mega}Simsala","6","Psychic","-","/Users/isaaksutton/Pictures/PMTU/Templates/Moves/Move PNGs/Dazzling Gleam","/Users/isaaksutton/Pictures/PMTU/Templates/Moves/Move PNGs/Psychic (S)","Simsala verfügt über extrem starke Psycho-Kräfte. Mit ihnen soll es die Löffel erschaffen haben, die es in seinen Händen hält."
"#066","Machollo","2","Fighting","-","/Users/isaaksutton/Pictures/PMTU/Templates/Moves/Move PNGs/Focus Energy","/Users/isaaksutton/Pictures/PMTU/Templates/Moves/Move PNGs/Low Kick (S)","Da es vor Kraft strotzt, hebt es zum Zeitvertreib Felsen. Dadurch gewinnt es an zusätzlicher Stärke."
"#067","Maschock","4","Fighting","-","/Users/isaaksutton/Pictures/PMTU/Templates/Moves/Move PNGs/Dual Chop","/Users/isaaksutton/Pictures/PMTU/Templates/Moves/Move PNGs/Karate Chop (S)","Sein durchtrainierter Körper wird nie müde. Es hilft den Menschen, indem es schwere Sachen trägt."
"#068","Machomei","6","Fighting","-","/Users/isaaksutton/Pictures/PMTU/Templates/Moves/Move PNGs/Submission (S)","/Users/isaaksutton/Pictures/PMTU/Templates/Moves/Move PNGs/Wide Guard","Seine vier Arme reagieren schneller, als es denken kann. Daher ist es in der Lage, unzählige Schläge reflexartig auszuführen."
"#068-gi","{G-Max}Machomei","6","Fighting","-","/Users/isaaksutton/Pictures/PMTU/Templates/Moves/Move PNGs/G-Max Chi Strike","/Users/isaaksutton/Pictures/PMTU/Templates/Moves/Move PNGs/Max Guard","Seine vier Arme reagieren schneller, als es denken kann. Daher ist es in der Lage, unzählige Schläge reflexartig auszuführen."
"#069","Knofensa","2","Grass","Poison","/Users/isaaksutton/Pictures/PMTU/Templates/Moves/Move PNGs/Vine Whip (S)","/Users/isaaksutton/Pictures/PMTU/Templates/Moves/Move PNGs/Wrap","Knofensa bevorzugt einen warmen und feuchten Lebensraum. Es ernährt sich von kleinen Käfer-Pokémon, die es mit seinen Ranken fängt."
"#070","Ultrigaria","3","Grass","Poison","/Users/isaaksutton/Pictures/PMTU/Templates/Moves/Move PNGs/Sleep Powder","/Users/isaaksutton/Pictures/PMTU/Templates/Moves/Move PNGs/Acid (S)","Wenn es hungrig ist, schnappt es willkürlich nach allem, was sich bewegt. Nachdem es seine Beute verschluckt hat, schaltet es sie mit Säure aus."
"#071","Sarzenia","5","Grass","Poison","/Users/isaaksutton/Pictures/PMTU/Templates/Moves/Move PNGs/Leaf Tornado (S)","/Users/isaaksutton/Pictures/PMTU/Templates/Moves/Move PNGs/Venoshock (S)","Es lockt Beute mit einem Duft an, der an Honig erinnert. Was in sein Maul gelangt, wird samt Knochen binnen eines Tages zersetzt."
"#071-m","{Mega}Sarzenia","6","Grass","Poison","/Users/isaaksutton/Pictures/PMTU/Templates/Moves/Move PNGs/Sludge Bomb (S)","/Users/isaaksutton/Pictures/PMTU/Templates/Moves/Move PNGs/Razor Leaf (S)","Es lockt Beute mit einem Duft an, der an Honig erinnert. Was in sein Maul gelangt, wird samt Knochen binnen eines Tages zersetzt."
"#072","Tentacha","2","Water","Poison","/Users/isaaksutton/Pictures/PMTU/Templates/Moves/Move PNGs/Wrap","/Users/isaaksutton/Pictures/PMTU/Templates/Moves/Move PNGs/Acid (S)","Tentacha besteht fast vollständig aus Wasser, wodurch man es im Meer nur sehr schwer erkennen kann."
"#073","Tentoxa","4","Water","Poison","/Users/isaaksutton/Pictures/PMTU/Templates/Moves/Move PNGs/Sludge Wave (S)","/Users/isaaksutton/Pictures/PMTU/Templates/Moves/Move PNGs/Water Pulse (S)","Tentoxa kann seine 80 Tentakel beliebig ausfahren und einziehen. Es breitet sie netzartig aus, um Beute zu fangen und dann zu vergiften."
"#074","Kleinstein","1","Rock","Ground","/Users/isaaksutton/Pictures/PMTU/Templates/Moves/Move PNGs/Defense Curl","/Users/isaaksutton/Pictures/PMTU/Templates/Moves/Move PNGs/Rock Throw (S)","Es hält sich gern in der Nähe von Gebirgspfaden auf. Tritt man versehentlich auf eins, wird es sehr wütend. Deshalb ist höchste Vorsicht geboten."
"#075","Georok","4","Rock","Ground","/Users/isaaksutton/Pictures/PMTU/Templates/Moves/Move PNGs/Self-Destruct","/Users/isaaksutton/Pictures/PMTU/Templates/Moves/Move PNGs/Rollout (S)","Es rollt sich gerne Gebirgspfade hinunter. Dabei ist es ihm egal, wer oder was sich in seinem Weg befindet."
"#076","Geowaz","6","Rock","Ground","/Users/isaaksutton/Pictures/PMTU/Templates/Moves/Move PNGs/Earthquake (S)","/Users/isaaksutton/Pictures/PMTU/Templates/Moves/Move PNGs/Explosion","Nachdem es sich gehäutet hat, wird sein Körper weich und hell. Durch den Kontakt mit der Luft erhärtet er aber sofort wieder."
"#077","Ponita","4","Fire","-","/Users/isaaksutton/Pictures/PMTU/Templates/Moves/Move PNGs/Flame Charge (S)","/Users/isaaksutton/Pictures/PMTU/Templates/Moves/Move PNGs/Stomp","Hat man erst einmal das Vertrauen eines Ponitas gewonnen, kann man seltsamerweise sogar seine feurige Mähne anfassen, ohne sich zu verbrennen."
"#078","Gallopa","6","Fire","-","/Users/isaaksutton/Pictures/PMTU/Templates/Moves/Move PNGs/Flame Wheel (S)","/Users/isaaksutton/Pictures/PMTU/Templates/Moves/Move PNGs/Smart Strike","Das schnellste Exemplar wird zum Anführer bestimmt und gibt als solcher den Zielort und die Geschwindigkeit der Herde vor."
"#079","Flegmon","2","Water","Psychic","/Users/isaaksutton/Pictures/PMTU/Templates/Moves/Move PNGs/Confusion (S)","/Users/isaaksutton/Pictures/PMTU/Templates/Moves/Move PNGs/Slack Off","Taucht es seine Rute ins Wasser, strömt sie ein süßes Aroma aus. Mit diesem Köder lockt es andere Pokémon an, die es dann an Land zieht."
"#080","Lahmus","5","Water","Psychic","/Users/isaaksutton/Pictures/PMTU/Templates/Moves/Move PNGs/Psychic (S)","/Users/isaaksutton/Pictures/PMTU/Templates/Moves/Move PNGs/Surf (S)","Der Schock, den Muschas’ Biss verursachte, ließ es auf zwei Beinen stehen. Löst das Muschas sich von ihm, wird es wieder zu einem Flegmon."
"#080-m","{Mega}Lahmus","6","Water","Psychic","/Users/isaaksutton/Pictures/PMTU/Templates/Moves/Move PNGs/Zen Headbutt (S)","/Users/isaaksutton/Pictures/PMTU/Templates/Moves/Move PNGs/Blizzard (S)","Der Schock, den Muschas’ Biss verursachte, ließ es auf zwei Beinen stehen. Löst das Muschas sich von ihm, wird es wieder zu einem Flegmon."
"#081","Magnetilo","3","Electric","Steel","/Users/isaaksutton/Pictures/PMTU/Templates/Moves/Move PNGs/Thunder Shock (S)","/Users/isaaksutton/Pictures/PMTU/Templates/Moves/Move PNGs/Supersonic","Es ernährt sich von Strom und segelt durch die Luft, indem es mit den Magneten an seinem Körper elektromagnetische Wellen aussendet."
"#082","Magneton","4","Electric","Steel","/Users/isaaksutton/Pictures/PMTU/Templates/Moves/Move PNGs/Metal Sound","/Users/isaaksutton/Pictures/PMTU/Templates/Moves/Move PNGs/Discharge (S)","Es sondert stetig seine starken Magnetkräfte ab, sodass bei den meisten Computern Störungen auftreten, wenn es sich in deren Nähe aufhält."
"#083","Porenta","3","Flying","Normal","/Users/isaaksutton/Pictures/PMTU/Templates/Moves/Move PNGs/Fury Cutter","/Users/isaaksutton/Pictures/PMTU/Templates/Moves/Move PNGs/Air Slash (S)","Im Kampf verwendet es eine Lauchstange als Waffe. Es gibt verschiedene Meinungen dazu, wie diese korrekt zu schwingen sei."
"#084","Dodu","3","Flying","Normal","/Users/isaaksutton/Pictures/PMTU/Templates/Moves/Move PNGs/Double Hit (S)","/Users/isaaksutton/Pictures/PMTU/Templates/Moves/Move PNGs/Peck (S)","Es kann nicht gut fliegen, weil seine Flügel zu klein sind. Dafür kann es mit seinen starken Beinen sehr schnell laufen."
"#085","Dodri","4","Flying","Normal","/Users/isaaksutton/Pictures/PMTU/Templates/Moves/Move PNGs/Tri Attack (S)","/Users/isaaksutton/Pictures/PMTU/Templates/Moves/Move PNGs/Pluck (S)","Bei der Entwicklung zu Dodri hat sich einer von Dodus Köpfen in zwei geteilt. Es flitzt mit einer Geschwindigkeit von 60 km/h über Wiesen."
"#086","Jurob","4","Water","-","/Users/isaaksutton/Pictures/PMTU/Templates/Moves/Move PNGs/Aurora Beam","/Users/isaaksutton/Pictures/PMTU/Templates/Moves/Move PNGs/Aqua Ring","Es bevorzugt eiskalte Lebensräume und schwimmt mit Vorliebe in -10 şC kaltem Wasser."
"#087","Jugong","5","Water","Ice","/Users/isaaksutton/Pictures/PMTU/Templates/Moves/Move PNGs/Ice Beam (S)","/Users/isaaksutton/Pictures/PMTU/Templates/Moves/Move PNGs/Aqua Tail (S)","Sein ganzer Körper ist schneeweiß. Da ihm Kälte nichts ausmacht, kann es selbst in Eiswasser kraftvoll schwimmen."
"#088","Sleima","4","Poison","-","/Users/isaaksutton/Pictures/PMTU/Templates/Moves/Move PNGs/Sludge (S)","/Users/isaaksutton/Pictures/PMTU/Templates/Moves/Move PNGs/Toxic","Sleima ist aus erhärtetem Schlamm entstanden. Es riecht sehr penetrant und man sollte es nicht berühren. Wo es hintritt, wächst kein Gras mehr."
"#089","Sleimok","5","Poison","-","/Users/isaaksutton/Pictures/PMTU/Templates/Moves/Move PNGs/Gunk Shot (S)","/Users/isaaksutton/Pictures/PMTU/Templates/Moves/Move PNGs/Mud Shot","Sein fürchterlicher Gestank kann zur Ohnmacht führen. Da seine Nase so verkümmert ist, kann es selbst nichts mehr riechen."
"#090","Muschas","2","Water","-","/Users/isaaksutton/Pictures/PMTU/Templates/Moves/Move PNGs/Clamp (S)","/Users/isaaksutton/Pictures/PMTU/Templates/Moves/Move PNGs/Protect","Eine harte Schale schützt dieses Pokémon. Nur wenn es diese öffnet, wird es verwundbar."
"#091","Austos","4","Water","Ice","/Users/isaaksutton/Pictures/PMTU/Templates/Moves/Move PNGs/Icicle Spear (S)","/Users/isaaksutton/Pictures/PMTU/Templates/Moves/Move PNGs/Razor Shell (S)","Ist seine Schale erst geschlossen, ist es selbst mit viel Kraft nicht mehr möglich, diese zu öffnen."
"#092","Nebulak","3","Ghost","Poison","/Users/isaaksutton/Pictures/PMTU/Templates/Moves/Move PNGs/Hypnosis","/Users/isaaksutton/Pictures/PMTU/Templates/Moves/Move PNGs/Lick (S)","Aufgrund seines an Gas erinnernden Körpers kommt es an jeden Ort. Es kann jedoch vom Wind davongeweht werden."
"#093","Alpollo","4","Ghost","Poison","/Users/isaaksutton/Pictures/PMTU/Templates/Moves/Move PNGs/Sucker Punch","/Users/isaaksutton/Pictures/PMTU/Templates/Moves/Move PNGs/Curse","Falls du im Dunkeln das Gefühl hast, beobachtet zu werden, und niemand ist zu sehen, ist es bestimmt Alpollo."
"#094","Gengar","5","Ghost","Poison","/Users/isaaksutton/Pictures/PMTU/Templates/Moves/Move PNGs/Sludge Bomb (S)","/Users/isaaksutton/Pictures/PMTU/Templates/Moves/Move PNGs/Night Shade","Man sagt, es sei aus Dunkelheit entstanden, um denjenigen, die sich in den Bergen verirrt haben, das Leben zu rauben."
"#094-gi","{G-Max}Gengar","5","Ghost","Poison","/Users/isaaksutton/Pictures/PMTU/Templates/Moves/Move PNGs/G-Max Terror","/Users/isaaksutton/Pictures/PMTU/Templates/Moves/Move PNGs/Max Ooze 4","Man sagt, es sei aus Dunkelheit entstanden, um denjenigen, die sich in den Bergen verirrt haben, das Leben zu rauben."
"#094-m","{Mega}Gengar","6","Ghost","Poison","/Users/isaaksutton/Pictures/PMTU/Templates/Moves/Move PNGs/Shadow Ball (S)","/Users/isaaksutton/Pictures/PMTU/Templates/Moves/Move PNGs/Dream Eater","Man sagt, es sei aus Dunkelheit entstanden, um denjenigen, die sich in den Bergen verirrt haben, das Leben zu rauben."
"#095","Onix","2","Rock","Ground","/Users/isaaksutton/Pictures/PMTU/Templates/Moves/Move PNGs/Dragon Breath","/Users/isaaksutton/Pictures/PMTU/Templates/Moves/Move PNGs/Rock Throw (S)","Es bohrt sich mit 80 km/h durch das Erdreich, indem es seinen massiven, rauen Körper dreht und windet."
"#096","Traumato","2","Psychic","-","/Users/isaaksutton/Pictures/PMTU/Templates/Moves/Move PNGs/Confusion (S)","/Users/isaaksutton/Pictures/PMTU/Templates/Moves/Move PNGs/Disable","Wenn man immer in der Nähe eines Traumato schläft, zeigt es einem nachts manchmal Träume, die es vor langer Zeit verspeist hat."
"#097","Hypno","4","Psychic","-","/Users/isaaksutton/Pictures/PMTU/Templates/Moves/Move PNGs/Zen Headbutt (S)","/Users/isaaksutton/Pictures/PMTU/Templates/Moves/Move PNGs/Nasty Plot","Läuft man einem Hypno über den Weg, sollte man wegsehen, da es andere mit dem Pendel in seiner Hand hypnotisieren kann."
"#098","Krabby","2","Water","-","/Users/isaaksutton/Pictures/PMTU/Templates/Moves/Move PNGs/Vise Grip","/Users/isaaksutton/Pictures/PMTU/Templates/Moves/Move PNGs/Bubble (S)","Wittert es Gefahr, hüllt es sich in Blasen aus seinem Maul, um größer zu erscheinen."
"#099","Kingler","4","Water","-","/Users/isaaksutton/Pictures/PMTU/Templates/Moves/Move PNGs/Crabhammer (S)","/Users/isaaksutton/Pictures/PMTU/Templates/Moves/Move PNGs/Guillotine","Seine Riesenschere ist sehr stark, aber wenn es nicht kämpft, kommt sie ihm häufig in die Quere."
"#099-gi","{G-Max}Kingler","4","Water","-","/Users/isaaksutton/Pictures/PMTU/Templates/Moves/Move PNGs/G-Max Foam Burst","/Users/isaaksutton/Pictures/PMTU/Templates/Moves/Move PNGs/Max Guard","Seine Riesenschere ist sehr stark, aber wenn es nicht kämpft, kommt sie ihm häufig in die Quere."
"#100","Voltobal","2","Electric","-","/Users/isaaksutton/Pictures/PMTU/Templates/Moves/Move PNGs/Sonic Boom","/Users/isaaksutton/Pictures/PMTU/Templates/Moves/Move PNGs/Self-Destruct","Man sagt, es tarne sich als Pokéball, um sich zu schützen. Allerdings zerstört es sich schon bei der kleinsten äußeren Einwirkung selbst."
"#101","Lektrobal","4","Electric","-","/Users/isaaksutton/Pictures/PMTU/Templates/Moves/Move PNGs/Explosion","/Users/isaaksutton/Pictures/PMTU/Templates/Moves/Move PNGs/Rollout","Es speichert elektrische Energie in seinem Körper. Schon die geringste Erschütterung lässt es explodieren."
"#102","Owei","3","Grass","Psychic","/Users/isaaksutton/Pictures/PMTU/Templates/Moves/Move PNGs/Barrage","/Users/isaaksutton/Pictures/PMTU/Templates/Moves/Move PNGs/Mega Drain (S)","Es muss immer aus sechs Mitgliedern bestehen, sonst herrscht Unruhe. Fehlt auch nur eines, steigt bei den anderen die Bereitschaft zur Flucht."
"#103","Kokowei","5","Grass","Psychic","/Users/isaaksutton/Pictures/PMTU/Templates/Moves/Move PNGs/Extrasensory (S)","/Users/isaaksutton/Pictures/PMTU/Templates/Moves/Move PNGs/Solar Beam (S)","Seine drei Köpfe setzen mächtige Psycho-Kräfte frei, wenn sie als Einheit agieren. Zieht sich der Himmel zu, bewegt es sich nur noch schwerfällig."
"#104","Tragosso","3","Ground","-","/Users/isaaksutton/Pictures/PMTU/Templates/Moves/Move PNGs/Bone Club (S)","/Users/isaaksutton/Pictures/PMTU/Templates/Moves/Move PNGs/False Swipe","Es trägt den Schädel seiner verstorbenen Mutter. Manchmal weint Tragosso, während es träumt, doch jede vergossene Träne macht es stärker."
"#105","Knogga","4","Ground","-","/Users/isaaksutton/Pictures/PMTU/Templates/Moves/Move PNGs/Bonemerang (S)","/Users/isaaksutton/Pictures/PMTU/Templates/Moves/Move PNGs/Thrash","Durch die Entwicklung wurde der Schädel seiner Mutter, den es stets trug, zu einem Teil von ihm und es bekam einen aggressiven Charakter."
"#106","Kicklee","4","Fighting","-","/Users/isaaksutton/Pictures/PMTU/Templates/Moves/Move PNGs/Rolling Kick (S)","/Users/isaaksutton/Pictures/PMTU/Templates/Moves/Move PNGs/Blaze Kick","Es kann seine Beine nach Belieben ausfahren und einziehen und so auch entfernte Gegner treffen."
"#107","Nockchan","4","Fighting","-","/Users/isaaksutton/Pictures/PMTU/Templates/Moves/Move PNGs/Bullet Punch","/Users/isaaksutton/Pictures/PMTU/Templates/Moves/Move PNGs/Drain Punch (S)","Seine Fäuste zerschneiden die Luft. Es muss jedoch alle drei Minuten eine kurze Pause einlegen."
"#108","Schlurp","4","Normal","-","/Users/isaaksutton/Pictures/PMTU/Templates/Moves/Move PNGs/Lick","/Users/isaaksutton/Pictures/PMTU/Templates/Moves/Move PNGs/Slam (S)","Es ernährt sich vorwiegend von Käfer-Pokémon. Hat es diese mit der langen Zunge abgeschleckt und dadurch gelähmt, verschlingt es sie im Nu."
"#109","Smogon","3","Poison","-","/Users/isaaksutton/Pictures/PMTU/Templates/Moves/Move PNGs/Poison Gas","/Users/isaaksutton/Pictures/PMTU/Templates/Moves/Move PNGs/Clear Smog (S)","Angeblich waren diese nach verpesteter Luft gierenden Pokémon früher weitaus häufiger in der Galar-Region anzutreffen als heute."
"#110","Smogmog","5","Poison","-","/Users/isaaksutton/Pictures/PMTU/Templates/Moves/Move PNGs/Explosion","/Users/isaaksutton/Pictures/PMTU/Templates/Moves/Move PNGs/Sludge (S)","Es kann zwar nicht so viel Luft einsaugen wie die Smogmog aus Galar, dafür sind aber die Toxine, die es produziert, umso stärker."
"#111","Rihorn","4","Ground","Rock","/Users/isaaksutton/Pictures/PMTU/Templates/Moves/Move PNGs/Rock Blast (S)","/Users/isaaksutton/Pictures/PMTU/Templates/Moves/Move PNGs/Bulldoze (S)","Es kann sich immer nur eine Sache merken. Sobald es losgestürmt ist, vergisst es augenblicklich den Auslöser dafür."
"#112","Rizeros","5","Ground","Rock","/Users/isaaksutton/Pictures/PMTU/Templates/Moves/Move PNGs/Horn Drill","/Users/isaaksutton/Pictures/PMTU/Templates/Moves/Move PNGs/Drill Run (S)","Sein ganzer Körper ist von einer panzerähnlichen Haut geschützt. Es kann sogar in bis zu 2000 şC heißer Lava leben."
"#113","Chaneira","4","Normal","-","/Users/isaaksutton/Pictures/PMTU/Templates/Moves/Move PNGs/Heal Pulse","/Users/isaaksutton/Pictures/PMTU/Templates/Moves/Move PNGs/Egg Bomb (S)","Dieses ursprünglich eher träge Pokémon hat gelernt, schnell davonzulaufen, um seine Eier vor Räubern schützen zu können."
"#114","Tangela","3","Grass","-","/Users/isaaksutton/Pictures/PMTU/Templates/Moves/Move PNGs/Bind","/Users/isaaksutton/Pictures/PMTU/Templates/Moves/Move PNGs/Ingrain","Seine Ranken verströmen einen eigentümlichen Duft, weshalb sie in bestimmten Gegenden von Galar als aromatische Kräuter verwendet werden."
"#115","Kangama","4","Normal","-","/Users/isaaksutton/Pictures/PMTU/Templates/Moves/Move PNGs/Sucker Punch","/Users/isaaksutton/Pictures/PMTU/Templates/Moves/Move PNGs/Dizzy Punch (S)","Es liegen Berichte vor, laut denen Kangama ohne eigenen Nachwuchs stattdessen Menschenkinder in Not aufgezogen haben."
"#115-m","{Mega}Kangama","5","Normal","-","/Users/isaaksutton/Pictures/PMTU/Templates/Moves/Move PNGs/Outrage","/Users/isaaksutton/Pictures/PMTU/Templates/Moves/Move PNGs/Chip Away (S)","Es liegen Berichte vor, laut denen Kangama ohne eigenen Nachwuchs stattdessen Menschenkinder in Not aufgezogen haben."
"#116","Seeper","2","Water","-","/Users/isaaksutton/Pictures/PMTU/Templates/Moves/Move PNGs/Smokescreen","/Users/isaaksutton/Pictures/PMTU/Templates/Moves/Move PNGs/Bubble (S)","Es schwimmt elegant wie ein Tänzer und erzeugt dabei Wasserstrudel. Mit Artgenossen wetteifert es darum, wer den größten Strudel formen kann."
"#117","Seemon","5","Water","-","/Users/isaaksutton/Pictures/PMTU/Templates/Moves/Move PNGs/Bubble Beam (S)","/Users/isaaksutton/Pictures/PMTU/Templates/Moves/Move PNGs/Twister","Selbst Beute, die größer als sein kleiner Mund ist, kann es dank dessen starker Saugkraft im Nu einsaugen und verspeisen."
"#118","Goldini","2","Water","-","/Users/isaaksutton/Pictures/PMTU/Templates/Moves/Move PNGs/Horn Attack","/Users/isaaksutton/Pictures/PMTU/Templates/Moves/Move PNGs/Peck","Seine Rücken- und Brustflossen sind muskelähnlich entwickelt. Es erreicht beim Schwimmen eine Geschwindigkeit von bis zu fünf Knoten."
"#119","Golking","5","Water","-","/Users/isaaksutton/Pictures/PMTU/Templates/Moves/Move PNGs/Aqua Ring","/Users/isaaksutton/Pictures/PMTU/Templates/Moves/Move PNGs/Megahorn","Es laicht in Löchern, die es mit seinem Horn in Felsen des Flussbettes gebohrt hat, damit seine Eier nicht vom Wasser fortgespült werden."
"#120","Sterndu","2","Water","-","/Users/isaaksutton/Pictures/PMTU/Templates/Moves/Move PNGs/Rapid Spin","/Users/isaaksutton/Pictures/PMTU/Templates/Moves/Move PNGs/Water Gun (S)","Ihm macht es nichts aus, von Fisch-Pokémon angeknabbert zu werden, da sich sein Körper bei Verletzungen im Nu regeneriert."
"#121","Starmie","5","Water","Psychic","/Users/isaaksutton/Pictures/PMTU/Templates/Moves/Move PNGs/Power Gem","/Users/isaaksutton/Pictures/PMTU/Templates/Moves/Move PNGs/Brine (S)","Starmie bewegt sich im Wasser fort, indem es seinen Körper mit hoher Geschwindigkeit rotieren lässt. Unterwegs absorbiert es winziges Plankton."
"#121-m","{Mega}Starmie","6","Water","Psychic","/Users/isaaksutton/Pictures/PMTU/Templates/Moves/Move PNGs/Water Pulse (S)","/Users/isaaksutton/Pictures/PMTU/Templates/Moves/Move PNGs/Psybeam (S)","Starmie bewegt sich im Wasser fort, indem es seinen Körper mit hoher Geschwindigkeit rotieren lässt. Unterwegs absorbiert es winziges Plankton."
"#122","Pantimos","3","Psychic","Fairy","/Users/isaaksutton/Pictures/PMTU/Templates/Moves/Move PNGs/Barrier","/Users/isaaksutton/Pictures/PMTU/Templates/Moves/Move PNGs/Mimic","Es ist für die Pantomime geboren. Zur Abwehr unterschiedlichster Angriffe erzeugt es mit einem Kraftfeld aus seinen Fingerspitzen Schutzwände."
"#123","Sichlor","4","Bug","Flying","/Users/isaaksutton/Pictures/PMTU/Templates/Moves/Move PNGs/Fury Cutter (S)","/Users/isaaksutton/Pictures/PMTU/Templates/Moves/Move PNGs/Slash","Entdeckt man im Wald ein Gebiet, in dem besonders viele Bäume gefällt wurden, befindet man sich im Revier eines Sichlors."
"#124","Rossana","4","Ice","Psychic","/Users/isaaksutton/Pictures/PMTU/Templates/Moves/Move PNGs/Lovely Kiss","/Users/isaaksutton/Pictures/PMTU/Templates/Moves/Move PNGs/Ice Punch (S)","Viele Rossana in Galar verfügen über solch eine schöne und zarte Stimme, dass sie sogar eine Fangemeinde haben."
"#125","Elektek","4","Electric","-","/Users/isaaksutton/Pictures/PMTU/Templates/Moves/Move PNGs/Thunder Punch (S)","/Users/isaaksutton/Pictures/PMTU/Templates/Moves/Move PNGs/Screech","Bei Gewittern versammeln sich Elektek in der Nähe von hohen Bäumen, wo sie regungslos auf Blitzeinschläge warten."
"#126","Magmar","4","Fire","-","/Users/isaaksutton/Pictures/PMTU/Templates/Moves/Move PNGs/Fire Punch (S)","/Users/isaaksutton/Pictures/PMTU/Templates/Moves/Move PNGs/Clear Smog","Sein Körper ist ständig in Flammen gehüllt, wodurch es als eine Ursache von Bränden gefürchtet wird."
"#127","Pinsir","4","Bug","-","/Users/isaaksutton/Pictures/PMTU/Templates/Moves/Move PNGs/X-Scissor (S)","/Users/isaaksutton/Pictures/PMTU/Templates/Moves/Move PNGs/Vise Grip","Pinsir nimmt Beute mit seinen Hörnern in die Zange, um sie anschließend entzweizureißen oder mit Wucht fortzuschleudern."
"#127-m","{Mega}Pinsir","5","Bug","Flying","/Users/isaaksutton/Pictures/PMTU/Templates/Moves/Move PNGs/Struggle Bug (S)","/Users/isaaksutton/Pictures/PMTU/Templates/Moves/Move PNGs/Seismic Toss","Pinsir nimmt Beute mit seinen Hörnern in die Zange, um sie anschließend entzweizureißen oder mit Wucht fortzuschleudern."
"#128","Tauros","4","Normal","-","/Users/isaaksutton/Pictures/PMTU/Templates/Moves/Move PNGs/Raging Bull (Normal) (S)","/Users/isaaksutton/Pictures/PMTU/Templates/Moves/Move PNGs/Swagger","Die Tauros in Galar haben ein ungestümes Temperament und gestatten es Menschen nicht, auf ihrem Rücken zu reiten."
"#129","Karpador","1","Water","-","/Users/isaaksutton/Pictures/PMTU/Templates/Moves/Move PNGs/Splash","/Users/isaaksutton/Pictures/PMTU/Templates/Moves/Move PNGs/-","Dieses Pokémon ist so schwach und erbärmlich, dass es sich in Gewässern mit starker Strömung einfach vom Wasser treiben lässt."
"#130","Garados","3","Water","Flying","/Users/isaaksutton/Pictures/PMTU/Templates/Moves/Move PNGs/Dragon Rage","/Users/isaaksutton/Pictures/PMTU/Templates/Moves/Move PNGs/Bite","Wütet ein Garados, wird es alles niederbrennen. Dies geschieht selbst während eines Sturms."
"#130-m","{Mega}Garados","4","Water","Dark","/Users/isaaksutton/Pictures/PMTU/Templates/Moves/Move PNGs/Water Pulse (S)","/Users/isaaksutton/Pictures/PMTU/Templates/Moves/Move PNGs/Crunch (S)","Wütet ein Garados, wird es alles niederbrennen. Dies geschieht selbst während eines Sturms."
"#131","Lapras","3","Water","Ice","/Users/isaaksutton/Pictures/PMTU/Templates/Moves/Move PNGs/Perish Song","/Users/isaaksutton/Pictures/PMTU/Templates/Moves/Move PNGs/Ice Beam (S)","Es kommt gut mit Kälte zurecht und kann auch in eisigen Meeren problemlos schwimmen. Seine Haut fühlt sich glatt und kühl an."
"#131-gi","{G-Max}Lapras","3","Water","Ice","/Users/isaaksutton/Pictures/PMTU/Templates/Moves/Move PNGs/G-Max Resonance","/Users/isaaksutton/Pictures/PMTU/Templates/Moves/Move PNGs/Max Guard","Es kommt gut mit Kälte zurecht und kann auch in eisigen Meeren problemlos schwimmen. Seine Haut fühlt sich glatt und kühl an."
"#132","Ditto","4","Normal","-","/Users/isaaksutton/Pictures/PMTU/Templates/Moves/Move PNGs/Transform","/Users/isaaksutton/Pictures/PMTU/Templates/Moves/Move PNGs/-","Trifft es auf ein anderes Ditto, bewegt es sich schneller als gewöhnlich, um es exakt nachzuahmen."
"#133","Evoli","3","Normal","-","/Users/isaaksutton/Pictures/PMTU/Templates/Moves/Move PNGs/Veevee Volley","/Users/isaaksutton/Pictures/PMTU/Templates/Moves/Move PNGs/Bite","Das Erbmaterial dieses besonderen Pokémon ist instabil, weshalb es das Potenzial für viele verschiedene Entwicklungen in sich trägt."
"#133-gi","{G-Max}Evoli","3","Normal","-","/Users/isaaksutton/Pictures/PMTU/Templates/Moves/Move PNGs/G-Max Cuddle","/Users/isaaksutton/Pictures/PMTU/Templates/Moves/Move PNGs/Max Darkness 3","Das Erbmaterial dieses besonderen Pokémon ist instabil, weshalb es das Potenzial für viele verschiedene Entwicklungen in sich trägt."
"#134","Aquana","5","Water","-","/Users/isaaksutton/Pictures/PMTU/Templates/Moves/Move PNGs/Bouncy Bubble","/Users/isaaksutton/Pictures/PMTU/Templates/Moves/Move PNGs/Acid Armor","Seine Zellstruktur ähnelt der molekularen Zusammensetzung von Wasser, weshalb es sich in Gewässern unsichtbar machen kann."
"#135","Blitza","5","Electric","-","/Users/isaaksutton/Pictures/PMTU/Templates/Moves/Move PNGs/Double Kick","/Users/isaaksutton/Pictures/PMTU/Templates/Moves/Move PNGs/Buzzy Buzz","Dieses Pokémon entzieht der Atmosphäre Ionen und kann dann Blitze von 10000 V Stärke aus seinem Maul abfeuern."
"#136","Flamara","5","Fire","-","/Users/isaaksutton/Pictures/PMTU/Templates/Moves/Move PNGs/Sizzly Slide","/Users/isaaksutton/Pictures/PMTU/Templates/Moves/Move PNGs/Covet","Ein Teil der von ihm eingeatmeten Luft wird in einem Flammensack in seinem Körper gespeichert und dort auf 1700 şC erhitzt."
"#137","Porygon","2","Normal","-","/Users/isaaksutton/Pictures/PMTU/Templates/Moves/Move PNGs/Conversion","/Users/isaaksutton/Pictures/PMTU/Templates/Moves/Move PNGs/Psybeam","In den letzten Jahren nahm es im Cyberspace bei der Suche nach verdächtigen Daten eine aktive Rolle ein."
"#138","Amonitas","4","Rock","Water","/Users/isaaksutton/Pictures/PMTU/Templates/Moves/Move PNGs/Spike Cannon","/Users/isaaksutton/Pictures/PMTU/Templates/Moves/Move PNGs/Brine (S)","Ein einst ausgestorbenes Urzeit-Pokémon. Wenn es mit seinen zehn Tentakeln paddelnd durch das Wasser gleitet, meint man, es würde schweben."
"#139","Amoroso","6","Rock","Water","/Users/isaaksutton/Pictures/PMTU/Templates/Moves/Move PNGs/Rock Blast (S)","/Users/isaaksutton/Pictures/PMTU/Templates/Moves/Move PNGs/Hydro Pump (S)","Mit seinen scharfen Zähnen ist es imstande, selbst Felsen zu zermalmen. Angreifen kann es jedoch nur Beute in Reichweite seiner Tentakel."
"#140","Kabuto","4","Rock","Water","/Users/isaaksutton/Pictures/PMTU/Templates/Moves/Move PNGs/Leech Life","/Users/isaaksutton/Pictures/PMTU/Templates/Moves/Move PNGs/Aqua Jet (S)","Es heißt zwar, dass Kabuto ausgestorben sei, doch in einer bestimmten Gegend trifft man es noch relativ häufig an."
"#141","Kabutops","6","Rock","Water","/Users/isaaksutton/Pictures/PMTU/Templates/Moves/Move PNGs/Hydro Pump (S)","/Users/isaaksutton/Pictures/PMTU/Templates/Moves/Move PNGs/Slash","Es ist unklar, warum dieses brutale urzeitliche Pokémon, das in warmen Meeren lebte, letztendlich ausstarb."
"#142","Aerodactyl","4","Rock","Flying","/Users/isaaksutton/Pictures/PMTU/Templates/Moves/Move PNGs/Rock Slide (S)","/Users/isaaksutton/Pictures/PMTU/Templates/Moves/Move PNGs/Wing Attack (S)","Mit seinen Zähnen, die Sägeblättern gleichen, kann es selbst die Haut von Stahl-Pokémon zerfetzen."
"#142-m","{Mega}Aerodactyl","5","Rock","Flying","/Users/isaaksutton/Pictures/PMTU/Templates/Moves/Move PNGs/Ancient Power (S)","/Users/isaaksutton/Pictures/PMTU/Templates/Moves/Move PNGs/Iron Head","Mit seinen Zähnen, die Sägeblättern gleichen, kann es selbst die Haut von Stahl-Pokémon zerfetzen."
"#143","Relaxo","4","Normal","-","/Users/isaaksutton/Pictures/PMTU/Templates/Moves/Move PNGs/Body Slam (S)","/Users/isaaksutton/Pictures/PMTU/Templates/Moves/Move PNGs/Yawn","Der Magen dieses Pokémon ist so resistent, dass es sogar Verschimmeltes oder Verdorbenes essen kann."
"#143-gi","{G-Max}Relaxo","4","Normal","-","/Users/isaaksutton/Pictures/PMTU/Templates/Moves/Move PNGs/G-Max Replenish","/Users/isaaksutton/Pictures/PMTU/Templates/Moves/Move PNGs/Max Strike 4","Der Magen dieses Pokémon ist so resistent, dass es sogar Verschimmeltes oder Verdorbenes essen kann."
"#144","Arktos","7","Ice","Flying","/Users/isaaksutton/Pictures/PMTU/Templates/Moves/Move PNGs/Mirror Coat","/Users/isaaksutton/Pictures/PMTU/Templates/Moves/Move PNGs/Blizzard (S)","Arktos ist imstande, Eis zu manipulieren. Man sagt, es lebe in schneebedeckten Bergen, wo ewiger Winter herrscht."
"#145","Zapdos","7","Electric","Flying","/Users/isaaksutton/Pictures/PMTU/Templates/Moves/Move PNGs/Thunder (S)","/Users/isaaksutton/Pictures/PMTU/Templates/Moves/Move PNGs/Drill Peck (S)","Es heißt, wenn dieses Legendäre Vogel-Pokémon seine Flügel aneinanderreibt, brechen unmittelbar danach Gewitter los."
"#146","Lavados","7","Fire","Flying","/Users/isaaksutton/Pictures/PMTU/Templates/Moves/Move PNGs/Sky Attack (S)","/Users/isaaksutton/Pictures/PMTU/Templates/Moves/Move PNGs/Heat Wave (S)","Überlieferungen nach soll Lavados mit seinen wunderschön lodernden Flügeln Bergpfade erleuchtet und dadurch Verirrten geholfen haben."
"#147","Dratini","2","Dragon","-","/Users/isaaksutton/Pictures/PMTU/Templates/Moves/Move PNGs/Twister (S)","/Users/isaaksutton/Pictures/PMTU/Templates/Moves/Move PNGs/Slam","Es wurde lange an Dratinis Existenz gezweifelt. Der kleine Fortsatz an seiner Stirn ist ein heranwachsendes Horn."
"#148","Dragonir","4","Dragon","-","/Users/isaaksutton/Pictures/PMTU/Templates/Moves/Move PNGs/Dragon Dance","/Users/isaaksutton/Pictures/PMTU/Templates/Moves/Move PNGs/Aqua Tail","Mit der Kraft, die es in den Bällen an seinem Schweif sammelt, beeinflusst es das Wetter. Seine in eine Aura gehüllte Gestalt steckt voller Mystik."
"#149","Dragoran","7","Dragon","Flying","/Users/isaaksutton/Pictures/PMTU/Templates/Moves/Move PNGs/Dragon Rush (S)","/Users/isaaksutton/Pictures/PMTU/Templates/Moves/Move PNGs/Hurricane (S)","Dragoran wird die „Inkarnation des Meeres“ genannt. Sein Ebenbild ziert den Bug vieler Schiffe als Galionsfigur."
"#149-m","{Mega}Dragoran","8","Dragon","Flying","/Users/isaaksutton/Pictures/PMTU/Templates/Moves/Move PNGs/Breaking Swipe (S)","/Users/isaaksutton/Pictures/PMTU/Templates/Moves/Move PNGs/Thunder","Dragoran wird die „Inkarnation des Meeres“ genannt. Sein Ebenbild ziert den Bug vieler Schiffe als Galionsfigur."
"#150","Mewtu","7","Psychic","-","/Users/isaaksutton/Pictures/PMTU/Templates/Moves/Move PNGs/Shadow Ball","/Users/isaaksutton/Pictures/PMTU/Templates/Moves/Move PNGs/Future Sight (S)","Mewtu und Mew weisen sehr ähnliche Gene auf, doch hinsichtlich ihres Charakters und ihrer Größe unterscheiden sich die beiden erheblich."
"#150-mx","{Mega}Mewtu X","8","Psychic","Fighting","/Users/isaaksutton/Pictures/PMTU/Templates/Moves/Move PNGs/Aura Sphere (S)","/Users/isaaksutton/Pictures/PMTU/Templates/Moves/Move PNGs/Psystrike (S)","Mewtu und Mew weisen sehr ähnliche Gene auf, doch hinsichtlich ihres Charakters und ihrer Größe unterscheiden sich die beiden erheblich."
"#150-my","{Mega}Mewtu Y","8","Psychic","-","/Users/isaaksutton/Pictures/PMTU/Templates/Moves/Move PNGs/Psycho Cut (S)","/Users/isaaksutton/Pictures/PMTU/Templates/Moves/Move PNGs/Me First","Mewtu und Mew weisen sehr ähnliche Gene auf, doch hinsichtlich ihres Charakters und ihrer Größe unterscheiden sich die beiden erheblich."
"#151","Mew","7","Psychic","-","/Users/isaaksutton/Pictures/PMTU/Templates/Moves/Move PNGs/Psywave","/Users/isaaksutton/Pictures/PMTU/Templates/Moves/Move PNGs/Metronome","Wenn man Mews Haut mithilfe eines Mikroskops betrachtet, so erkennt man ein Fell aus vielen feinen und kurzen Härchen."
